rowid,country,region,region_code,start_date,end_date,days,year,week,population,total_deaths,covid_deaths,expected_deaths,cadence,month
1,Italy,Italy,0,2014-12-29,2015-01-04,7,2015,1,59240330,15178,0,TBC,weekly,
2,Italy,Italy,0,2015-01-05,2015-01-11,7,2015,2,59240330,15811,0,TBC,weekly,
3,Italy,Italy,0,2015-01-12,2015-01-18,7,2015,3,59240330,15480,0,TBC,weekly,
4,Italy,Italy,0,2015-01-19,2015-01-25,7,2015,4,59240330,14922,0,TBC,weekly,
5,Italy,Italy,0,2015-01-26,2015-02-01,7,2015,5,59240330,15228,0,TBC,weekly,
6,Italy,Italy,0,2015-02-02,2015-02-08,7,2015,6,59240330,15640,0,TBC,weekly,
7,Italy,Italy,0,2015-02-09,2015-02-15,7,2015,7,59240330,15510,0,TBC,weekly,
8,Italy,Italy,0,2015-02-16,2015-02-22,7,2015,8,59240330,15149,0,TBC,weekly,
9,Italy,Italy,0,2015-02-23,2015-03-01,7,2015,9,59240330,14544,0,TBC,weekly,
10,Italy,Italy,0,2015-03-02,2015-03-08,7,2015,10,59240330,14211,0,TBC,weekly,
11,Italy,Italy,0,2015-03-09,2015-03-15,7,2015,11,59240330,13846,0,TBC,weekly,
12,Italy,Italy,0,2015-03-16,2015-03-22,7,2015,12,59240330,13455,0,TBC,weekly,
13,Italy,Italy,0,2015-03-23,2015-03-29,7,2015,13,59240330,13126,0,TBC,weekly,
14,Italy,Italy,0,2015-03-30,2015-04-05,7,2015,14,59240330,12832,0,TBC,weekly,
15,Italy,Italy,0,2015-04-06,2015-04-12,7,2015,15,59240330,12811,0,TBC,weekly,
16,Italy,Italy,0,2015-04-13,2015-04-19,7,2015,16,59240330,12781,0,TBC,weekly,
17,Italy,Italy,0,2015-04-20,2015-04-26,7,2015,17,59240330,12046,0,TBC,weekly,
18,Italy,Italy,0,2015-04-27,2015-05-03,7,2015,18,59240330,11946,0,TBC,weekly,
19,Italy,Italy,0,2015-05-04,2015-05-10,7,2015,19,59240330,12177,0,TBC,weekly,
20,Italy,Italy,0,2015-05-11,2015-05-17,7,2015,20,59240330,11518,0,TBC,weekly,
21,Italy,Italy,0,2015-05-18,2015-05-24,7,2015,21,59240330,11058,0,TBC,weekly,
22,Italy,Italy,0,2015-05-25,2015-05-31,7,2015,22,59240330,10848,0,TBC,weekly,
23,Italy,Italy,0,2015-06-01,2015-06-07,7,2015,23,59240330,12060,0,TBC,weekly,
24,Italy,Italy,0,2015-06-08,2015-06-14,7,2015,24,59240330,11447,0,TBC,weekly,
25,Italy,Italy,0,2015-06-15,2015-06-21,7,2015,25,59240330,10591,0,TBC,weekly,
26,Italy,Italy,0,2015-06-22,2015-06-28,7,2015,26,59240330,10808,0,TBC,weekly,
27,Italy,Italy,0,2015-06-29,2015-07-05,7,2015,27,59240330,11819,0,TBC,weekly,
28,Italy,Italy,0,2015-07-06,2015-07-12,7,2015,28,59240330,13269,0,TBC,weekly,
29,Italy,Italy,0,2015-07-13,2015-07-19,7,2015,29,59240330,13303,0,TBC,weekly,
30,Italy,Italy,0,2015-07-20,2015-07-26,7,2015,30,59240330,14555,0,TBC,weekly,
31,Italy,Italy,0,2015-07-27,2015-08-02,7,2015,31,59240330,12009,0,TBC,weekly,
32,Italy,Italy,0,2015-08-03,2015-08-09,7,2015,32,59240330,12595,0,TBC,weekly,
33,Italy,Italy,0,2015-08-10,2015-08-16,7,2015,33,59240330,11716,0,TBC,weekly,
34,Italy,Italy,0,2015-08-17,2015-08-23,7,2015,34,59240330,10619,0,TBC,weekly,
35,Italy,Italy,0,2015-08-24,2015-08-30,7,2015,35,59240330,11116,0,TBC,weekly,
36,Italy,Italy,0,2015-08-31,2015-09-06,7,2015,36,59240330,11352,0,TBC,weekly,
37,Italy,Italy,0,2015-09-07,2015-09-13,7,2015,37,59240330,10629,0,TBC,weekly,
38,Italy,Italy,0,2015-09-14,2015-09-20,7,2015,38,59240330,11358,0,TBC,weekly,
39,Italy,Italy,0,2015-09-21,2015-09-27,7,2015,39,59240330,10687,0,TBC,weekly,
40,Italy,Italy,0,2015-09-28,2015-10-04,7,2015,40,59240330,11228,0,TBC,weekly,
41,Italy,Italy,0,2015-10-05,2015-10-11,7,2015,41,59240330,11624,0,TBC,weekly,
42,Italy,Italy,0,2015-10-12,2015-10-18,7,2015,42,59240330,11389,0,TBC,weekly,
43,Italy,Italy,0,2015-10-19,2015-10-25,7,2015,43,59240330,11834,0,TBC,weekly,
44,Italy,Italy,0,2015-10-26,2015-11-01,7,2015,44,59240330,11722,0,TBC,weekly,
45,Italy,Italy,0,2015-11-02,2015-11-08,7,2015,45,59240330,11850,0,TBC,weekly,
46,Italy,Italy,0,2015-11-09,2015-11-15,7,2015,46,59240330,11629,0,TBC,weekly,
47,Italy,Italy,0,2015-11-16,2015-11-22,7,2015,47,59240330,11689,0,TBC,weekly,
48,Italy,Italy,0,2015-11-23,2015-11-29,7,2015,48,59240330,11738,0,TBC,weekly,
49,Italy,Italy,0,2015-11-30,2015-12-06,7,2015,49,59240330,12501,0,TBC,weekly,
50,Italy,Italy,0,2015-12-07,2015-12-13,7,2015,50,59240330,12491,0,TBC,weekly,
51,Italy,Italy,0,2015-12-14,2015-12-20,7,2015,51,59240330,12463,0,TBC,weekly,
52,Italy,Italy,0,2015-12-21,2015-12-27,7,2015,52,59240330,12560,0,TBC,weekly,
53,Italy,Italy,0,2015-12-28,2016-01-03,7,2015,53,59240330,13218,0,TBC,weekly,
54,Italy,Italy,0,2016-01-04,2016-01-10,7,2016,1,59240330,13517,0,TBC,weekly,
55,Italy,Italy,0,2016-01-11,2016-01-17,7,2016,2,59240330,13055,0,TBC,weekly,
56,Italy,Italy,0,2016-01-18,2016-01-24,7,2016,3,59240330,13545,0,TBC,weekly,
57,Italy,Italy,0,2016-01-25,2016-01-31,7,2016,4,59240330,13388,0,TBC,weekly,
58,Italy,Italy,0,2016-02-01,2016-02-07,7,2016,5,59240330,12997,0,TBC,weekly,
59,Italy,Italy,0,2016-02-08,2016-02-14,7,2016,6,59240330,13168,0,TBC,weekly,
60,Italy,Italy,0,2016-02-15,2016-02-21,7,2016,7,59240330,12685,0,TBC,weekly,
61,Italy,Italy,0,2016-02-22,2016-02-28,7,2016,8,59240330,12709,0,TBC,weekly,
62,Italy,Italy,0,2016-02-29,2016-03-06,7,2016,9,59240330,12772,0,TBC,weekly,
63,Italy,Italy,0,2016-03-07,2016-03-13,7,2016,10,59240330,12845,0,TBC,weekly,
64,Italy,Italy,0,2016-03-14,2016-03-20,7,2016,11,59240330,12887,0,TBC,weekly,
65,Italy,Italy,0,2016-03-21,2016-03-27,7,2016,12,59240330,12525,0,TBC,weekly,
66,Italy,Italy,0,2016-03-28,2016-04-03,7,2016,13,59240330,12725,0,TBC,weekly,
67,Italy,Italy,0,2016-04-04,2016-04-10,7,2016,14,59240330,12291,0,TBC,weekly,
68,Italy,Italy,0,2016-04-11,2016-04-17,7,2016,15,59240330,11822,0,TBC,weekly,
69,Italy,Italy,0,2016-04-18,2016-04-24,7,2016,16,59240330,11594,0,TBC,weekly,
70,Italy,Italy,0,2016-04-25,2016-05-01,7,2016,17,59240330,11420,0,TBC,weekly,
71,Italy,Italy,0,2016-05-02,2016-05-08,7,2016,18,59240330,11595,0,TBC,weekly,
72,Italy,Italy,0,2016-05-09,2016-05-15,7,2016,19,59240330,11422,0,TBC,weekly,
73,Italy,Italy,0,2016-05-16,2016-05-22,7,2016,20,59240330,10950,0,TBC,weekly,
74,Italy,Italy,0,2016-05-23,2016-05-29,7,2016,21,59240330,11509,0,TBC,weekly,
75,Italy,Italy,0,2016-05-30,2016-06-05,7,2016,22,59240330,10842,0,TBC,weekly,
76,Italy,Italy,0,2016-06-06,2016-06-12,7,2016,23,59240330,11030,0,TBC,weekly,
77,Italy,Italy,0,2016-06-13,2016-06-19,7,2016,24,59240330,10766,0,TBC,weekly,
78,Italy,Italy,0,2016-06-20,2016-06-26,7,2016,25,59240330,11442,0,TBC,weekly,
79,Italy,Italy,0,2016-06-27,2016-07-03,7,2016,26,59240330,11247,0,TBC,weekly,
80,Italy,Italy,0,2016-07-04,2016-07-10,7,2016,27,59240330,11293,0,TBC,weekly,
81,Italy,Italy,0,2016-07-11,2016-07-17,7,2016,28,59240330,11324,0,TBC,weekly,
82,Italy,Italy,0,2016-07-18,2016-07-24,7,2016,29,59240330,11170,0,TBC,weekly,
83,Italy,Italy,0,2016-07-25,2016-07-31,7,2016,30,59240330,11042,0,TBC,weekly,
84,Italy,Italy,0,2016-08-01,2016-08-07,7,2016,31,59240330,10991,0,TBC,weekly,
85,Italy,Italy,0,2016-08-08,2016-08-14,7,2016,32,59240330,10606,0,TBC,weekly,
86,Italy,Italy,0,2016-08-15,2016-08-21,7,2016,33,59240330,11144,0,TBC,weekly,
87,Italy,Italy,0,2016-08-22,2016-08-28,7,2016,34,59240330,11193,0,TBC,weekly,
88,Italy,Italy,0,2016-08-29,2016-09-04,7,2016,35,59240330,10748,0,TBC,weekly,
89,Italy,Italy,0,2016-09-05,2016-09-11,7,2016,36,59240330,10479,0,TBC,weekly,
90,Italy,Italy,0,2016-09-12,2016-09-18,7,2016,37,59240330,10584,0,TBC,weekly,
91,Italy,Italy,0,2016-09-19,2016-09-25,7,2016,38,59240330,10321,0,TBC,weekly,
92,Italy,Italy,0,2016-09-26,2016-10-02,7,2016,39,59240330,11094,0,TBC,weekly,
93,Italy,Italy,0,2016-10-03,2016-10-09,7,2016,40,59240330,11158,0,TBC,weekly,
94,Italy,Italy,0,2016-10-10,2016-10-16,7,2016,41,59240330,12362,0,TBC,weekly,
95,Italy,Italy,0,2016-10-17,2016-10-23,7,2016,42,59240330,12060,0,TBC,weekly,
96,Italy,Italy,0,2016-10-24,2016-10-30,7,2016,43,59240330,11816,0,TBC,weekly,
97,Italy,Italy,0,2016-10-31,2016-11-06,7,2016,44,59240330,11744,0,TBC,weekly,
98,Italy,Italy,0,2016-11-07,2016-11-13,7,2016,45,59240330,11889,0,TBC,weekly,
99,Italy,Italy,0,2016-11-14,2016-11-20,7,2016,46,59240330,12476,0,TBC,weekly,
100,Italy,Italy,0,2016-11-21,2016-11-27,7,2016,47,59240330,12146,0,TBC,weekly,
101,Italy,Italy,0,2016-11-28,2016-12-04,7,2016,48,59240330,12205,0,TBC,weekly,
102,Italy,Italy,0,2016-12-05,2016-12-11,7,2016,49,59240330,12543,0,TBC,weekly,
103,Italy,Italy,0,2016-12-12,2016-12-18,7,2016,50,59240330,13262,0,TBC,weekly,
104,Italy,Italy,0,2016-12-19,2016-12-25,7,2016,51,59240330,14861,0,TBC,weekly,
105,Italy,Italy,0,2016-12-26,2017-01-01,7,2016,52,59240330,16489,0,TBC,weekly,
106,Italy,Italy,0,2017-01-02,2017-01-08,7,2017,1,59240330,18072,0,TBC,weekly,
107,Italy,Italy,0,2017-01-09,2017-01-15,7,2017,2,59240330,18990,0,TBC,weekly,
108,Italy,Italy,0,2017-01-16,2017-01-22,7,2017,3,59240330,17973,0,TBC,weekly,
109,Italy,Italy,0,2017-01-23,2017-01-29,7,2017,4,59240330,16487,0,TBC,weekly,
110,Italy,Italy,0,2017-01-30,2017-02-05,7,2017,5,59240330,15747,0,TBC,weekly,
111,Italy,Italy,0,2017-02-06,2017-02-12,7,2017,6,59240330,14081,0,TBC,weekly,
112,Italy,Italy,0,2017-02-13,2017-02-19,7,2017,7,59240330,13852,0,TBC,weekly,
113,Italy,Italy,0,2017-02-20,2017-02-26,7,2017,8,59240330,13290,0,TBC,weekly,
114,Italy,Italy,0,2017-02-27,2017-03-05,7,2017,9,59240330,13148,0,TBC,weekly,
115,Italy,Italy,0,2017-03-06,2017-03-12,7,2017,10,59240330,12917,0,TBC,weekly,
116,Italy,Italy,0,2017-03-13,2017-03-19,7,2017,11,59240330,12783,0,TBC,weekly,
117,Italy,Italy,0,2017-03-20,2017-03-26,7,2017,12,59240330,12602,0,TBC,weekly,
118,Italy,Italy,0,2017-03-27,2017-04-02,7,2017,13,59240330,12300,0,TBC,weekly,
119,Italy,Italy,0,2017-04-03,2017-04-09,7,2017,14,59240330,11848,0,TBC,weekly,
120,Italy,Italy,0,2017-04-10,2017-04-16,7,2017,15,59240330,12084,0,TBC,weekly,
121,Italy,Italy,0,2017-04-17,2017-04-23,7,2017,16,59240330,11553,0,TBC,weekly,
122,Italy,Italy,0,2017-04-24,2017-04-30,7,2017,17,59240330,11972,0,TBC,weekly,
123,Italy,Italy,0,2017-05-01,2017-05-07,7,2017,18,59240330,12050,0,TBC,weekly,
124,Italy,Italy,0,2017-05-08,2017-05-14,7,2017,19,59240330,11859,0,TBC,weekly,
125,Italy,Italy,0,2017-05-15,2017-05-21,7,2017,20,59240330,11635,0,TBC,weekly,
126,Italy,Italy,0,2017-05-22,2017-05-28,7,2017,21,59240330,11538,0,TBC,weekly,
127,Italy,Italy,0,2017-05-29,2017-06-04,7,2017,22,59240330,11554,0,TBC,weekly,
128,Italy,Italy,0,2017-06-05,2017-06-11,7,2017,23,59240330,10878,0,TBC,weekly,
129,Italy,Italy,0,2017-06-12,2017-06-18,7,2017,24,59240330,11494,0,TBC,weekly,
130,Italy,Italy,0,2017-06-19,2017-06-25,7,2017,25,59240330,11700,0,TBC,weekly,
131,Italy,Italy,0,2017-06-26,2017-07-02,7,2017,26,59240330,11164,0,TBC,weekly,
132,Italy,Italy,0,2017-07-03,2017-07-09,7,2017,27,59240330,11170,0,TBC,weekly,
133,Italy,Italy,0,2017-07-10,2017-07-16,7,2017,28,59240330,11642,0,TBC,weekly,
134,Italy,Italy,0,2017-07-17,2017-07-23,7,2017,29,59240330,11117,0,TBC,weekly,
135,Italy,Italy,0,2017-07-24,2017-07-30,7,2017,30,59240330,11091,0,TBC,weekly,
136,Italy,Italy,0,2017-07-31,2017-08-06,7,2017,31,59240330,13013,0,TBC,weekly,
137,Italy,Italy,0,2017-08-07,2017-08-13,7,2017,32,59240330,13993,0,TBC,weekly,
138,Italy,Italy,0,2017-08-14,2017-08-20,7,2017,33,59240330,11673,0,TBC,weekly,
139,Italy,Italy,0,2017-08-21,2017-08-27,7,2017,34,59240330,10922,0,TBC,weekly,
140,Italy,Italy,0,2017-08-28,2017-09-03,7,2017,35,59240330,11110,0,TBC,weekly,
141,Italy,Italy,0,2017-09-04,2017-09-10,7,2017,36,59240330,10542,0,TBC,weekly,
142,Italy,Italy,0,2017-09-11,2017-09-17,7,2017,37,59240330,10787,0,TBC,weekly,
143,Italy,Italy,0,2017-09-18,2017-09-24,7,2017,38,59240330,10976,0,TBC,weekly,
144,Italy,Italy,0,2017-09-25,2017-10-01,7,2017,39,59240330,11456,0,TBC,weekly,
145,Italy,Italy,0,2017-10-02,2017-10-08,7,2017,40,59240330,11562,0,TBC,weekly,
146,Italy,Italy,0,2017-10-09,2017-10-15,7,2017,41,59240330,12010,0,TBC,weekly,
147,Italy,Italy,0,2017-10-16,2017-10-22,7,2017,42,59240330,11902,0,TBC,weekly,
148,Italy,Italy,0,2017-10-23,2017-10-29,7,2017,43,59240330,11929,0,TBC,weekly,
149,Italy,Italy,0,2017-10-30,2017-11-05,7,2017,44,59240330,11761,0,TBC,weekly,
150,Italy,Italy,0,2017-11-06,2017-11-12,7,2017,45,59240330,12238,0,TBC,weekly,
151,Italy,Italy,0,2017-11-13,2017-11-19,7,2017,46,59240330,12478,0,TBC,weekly,
152,Italy,Italy,0,2017-11-20,2017-11-26,7,2017,47,59240330,12418,0,TBC,weekly,
153,Italy,Italy,0,2017-11-27,2017-12-03,7,2017,48,59240330,12555,0,TBC,weekly,
154,Italy,Italy,0,2017-12-04,2017-12-10,7,2017,49,59240330,13051,0,TBC,weekly,
155,Italy,Italy,0,2017-12-11,2017-12-17,7,2017,50,59240330,13501,0,TBC,weekly,
156,Italy,Italy,0,2017-12-18,2017-12-24,7,2017,51,59240330,13467,0,TBC,weekly,
157,Italy,Italy,0,2017-12-25,2017-12-31,7,2017,52,59240330,14956,0,TBC,weekly,
158,Italy,Italy,0,2018-01-01,2018-01-07,7,2018,1,59240330,16245,0,TBC,weekly,
159,Italy,Italy,0,2018-01-08,2018-01-14,7,2018,2,59240330,15947,0,TBC,weekly,
160,Italy,Italy,0,2018-01-15,2018-01-21,7,2018,3,59240330,15234,0,TBC,weekly,
161,Italy,Italy,0,2018-01-22,2018-01-28,7,2018,4,59240330,14698,0,TBC,weekly,
162,Italy,Italy,0,2018-01-29,2018-02-04,7,2018,5,59240330,14551,0,TBC,weekly,
163,Italy,Italy,0,2018-02-05,2018-02-11,7,2018,6,59240330,13844,0,TBC,weekly,
164,Italy,Italy,0,2018-02-12,2018-02-18,7,2018,7,59240330,14034,0,TBC,weekly,
165,Italy,Italy,0,2018-02-19,2018-02-25,7,2018,8,59240330,14026,0,TBC,weekly,
166,Italy,Italy,0,2018-02-26,2018-03-04,7,2018,9,59240330,14406,0,TBC,weekly,
167,Italy,Italy,0,2018-03-05,2018-03-11,7,2018,10,59240330,14197,0,TBC,weekly,
168,Italy,Italy,0,2018-03-12,2018-03-18,7,2018,11,59240330,13306,0,TBC,weekly,
169,Italy,Italy,0,2018-03-19,2018-03-25,7,2018,12,59240330,12417,0,TBC,weekly,
170,Italy,Italy,0,2018-03-26,2018-04-01,7,2018,13,59240330,12793,0,TBC,weekly,
171,Italy,Italy,0,2018-04-02,2018-04-08,7,2018,14,59240330,12404,0,TBC,weekly,
172,Italy,Italy,0,2018-04-09,2018-04-15,7,2018,15,59240330,12140,0,TBC,weekly,
173,Italy,Italy,0,2018-04-16,2018-04-22,7,2018,16,59240330,11917,0,TBC,weekly,
174,Italy,Italy,0,2018-04-23,2018-04-29,7,2018,17,59240330,11742,0,TBC,weekly,
175,Italy,Italy,0,2018-04-30,2018-05-06,7,2018,18,59240330,11060,0,TBC,weekly,
176,Italy,Italy,0,2018-05-07,2018-05-13,7,2018,19,59240330,11030,0,TBC,weekly,
177,Italy,Italy,0,2018-05-14,2018-05-20,7,2018,20,59240330,10857,0,TBC,weekly,
178,Italy,Italy,0,2018-05-21,2018-05-27,7,2018,21,59240330,11329,0,TBC,weekly,
179,Italy,Italy,0,2018-05-28,2018-06-03,7,2018,22,59240330,11317,0,TBC,weekly,
180,Italy,Italy,0,2018-06-04,2018-06-10,7,2018,23,59240330,10996,0,TBC,weekly,
181,Italy,Italy,0,2018-06-11,2018-06-17,7,2018,24,59240330,11091,0,TBC,weekly,
182,Italy,Italy,0,2018-06-18,2018-06-24,7,2018,25,59240330,11003,0,TBC,weekly,
183,Italy,Italy,0,2018-06-25,2018-07-01,7,2018,26,59240330,10550,0,TBC,weekly,
184,Italy,Italy,0,2018-07-02,2018-07-08,7,2018,27,59240330,11146,0,TBC,weekly,
185,Italy,Italy,0,2018-07-09,2018-07-15,7,2018,28,59240330,11117,0,TBC,weekly,
186,Italy,Italy,0,2018-07-16,2018-07-22,7,2018,29,59240330,11180,0,TBC,weekly,
187,Italy,Italy,0,2018-07-23,2018-07-29,7,2018,30,59240330,11132,0,TBC,weekly,
188,Italy,Italy,0,2018-07-30,2018-08-05,7,2018,31,59240330,12305,0,TBC,weekly,
189,Italy,Italy,0,2018-08-06,2018-08-12,7,2018,32,59240330,12469,0,TBC,weekly,
190,Italy,Italy,0,2018-08-13,2018-08-19,7,2018,33,59240330,11204,0,TBC,weekly,
191,Italy,Italy,0,2018-08-20,2018-08-26,7,2018,34,59240330,11189,0,TBC,weekly,
192,Italy,Italy,0,2018-08-27,2018-09-02,7,2018,35,59240330,10851,0,TBC,weekly,
193,Italy,Italy,0,2018-09-03,2018-09-09,7,2018,36,59240330,11008,0,TBC,weekly,
194,Italy,Italy,0,2018-09-10,2018-09-16,7,2018,37,59240330,11098,0,TBC,weekly,
195,Italy,Italy,0,2018-09-17,2018-09-23,7,2018,38,59240330,11177,0,TBC,weekly,
196,Italy,Italy,0,2018-09-24,2018-09-30,7,2018,39,59240330,10903,0,TBC,weekly,
197,Italy,Italy,0,2018-10-01,2018-10-07,7,2018,40,59240330,11485,0,TBC,weekly,
198,Italy,Italy,0,2018-10-08,2018-10-14,7,2018,41,59240330,11614,0,TBC,weekly,
199,Italy,Italy,0,2018-10-15,2018-10-21,7,2018,42,59240330,11593,0,TBC,weekly,
200,Italy,Italy,0,2018-10-22,2018-10-28,7,2018,43,59240330,11891,0,TBC,weekly,
201,Italy,Italy,0,2018-10-29,2018-11-04,7,2018,44,59240330,11551,0,TBC,weekly,
202,Italy,Italy,0,2018-11-05,2018-11-11,7,2018,45,59240330,11805,0,TBC,weekly,
203,Italy,Italy,0,2018-11-12,2018-11-18,7,2018,46,59240330,11811,0,TBC,weekly,
204,Italy,Italy,0,2018-11-19,2018-11-25,7,2018,47,59240330,12532,0,TBC,weekly,
205,Italy,Italy,0,2018-11-26,2018-12-02,7,2018,48,59240330,12391,0,TBC,weekly,
206,Italy,Italy,0,2018-12-03,2018-12-09,7,2018,49,59240330,12739,0,TBC,weekly,
207,Italy,Italy,0,2018-12-10,2018-12-16,7,2018,50,59240330,12827,0,TBC,weekly,
208,Italy,Italy,0,2018-12-17,2018-12-23,7,2018,51,59240330,13306,0,TBC,weekly,
209,Italy,Italy,0,2018-12-24,2018-12-30,7,2018,52,59240330,13426,0,TBC,weekly,
210,Italy,Italy,0,2018-12-31,2019-01-06,7,2019,1,59240330,14168,0,TBC,weekly,
211,Italy,Italy,0,2019-01-07,2019-01-13,7,2019,2,59240330,14863,0,TBC,weekly,
212,Italy,Italy,0,2019-01-14,2019-01-20,7,2019,3,59240330,15325,0,TBC,weekly,
213,Italy,Italy,0,2019-01-21,2019-01-27,7,2019,4,59240330,15360,0,TBC,weekly,
214,Italy,Italy,0,2019-01-28,2019-02-03,7,2019,5,59240330,15807,0,TBC,weekly,
215,Italy,Italy,0,2019-02-04,2019-02-10,7,2019,6,59240330,15228,0,TBC,weekly,
216,Italy,Italy,0,2019-02-11,2019-02-17,7,2019,7,59240330,15072,0,TBC,weekly,
217,Italy,Italy,0,2019-02-18,2019-02-24,7,2019,8,59240330,14674,0,TBC,weekly,
218,Italy,Italy,0,2019-02-25,2019-03-03,7,2019,9,59240330,14605,0,TBC,weekly,
219,Italy,Italy,0,2019-03-04,2019-03-10,7,2019,10,59240330,13827,0,TBC,weekly,
220,Italy,Italy,0,2019-03-11,2019-03-17,7,2019,11,59240330,13344,0,TBC,weekly,
221,Italy,Italy,0,2019-03-18,2019-03-24,7,2019,12,59240330,12655,0,TBC,weekly,
222,Italy,Italy,0,2019-03-25,2019-03-31,7,2019,13,59240330,12486,0,TBC,weekly,
223,Italy,Italy,0,2019-04-01,2019-04-07,7,2019,14,59240330,12714,0,TBC,weekly,
224,Italy,Italy,0,2019-04-08,2019-04-14,7,2019,15,59240330,12107,0,TBC,weekly,
225,Italy,Italy,0,2019-04-15,2019-04-21,7,2019,16,59240330,12167,0,TBC,weekly,
226,Italy,Italy,0,2019-04-22,2019-04-28,7,2019,17,59240330,11895,0,TBC,weekly,
227,Italy,Italy,0,2019-04-29,2019-05-05,7,2019,18,59240330,11522,0,TBC,weekly,
228,Italy,Italy,0,2019-05-06,2019-05-12,7,2019,19,59240330,11699,0,TBC,weekly,
229,Italy,Italy,0,2019-05-13,2019-05-19,7,2019,20,59240330,11552,0,TBC,weekly,
230,Italy,Italy,0,2019-05-20,2019-05-26,7,2019,21,59240330,11619,0,TBC,weekly,
231,Italy,Italy,0,2019-05-27,2019-06-02,7,2019,22,59240330,11350,0,TBC,weekly,
232,Italy,Italy,0,2019-06-03,2019-06-09,7,2019,23,59240330,12261,0,TBC,weekly,
233,Italy,Italy,0,2019-06-10,2019-06-16,7,2019,24,59240330,11982,0,TBC,weekly,
234,Italy,Italy,0,2019-06-17,2019-06-23,7,2019,25,59240330,11375,0,TBC,weekly,
235,Italy,Italy,0,2019-06-24,2019-06-30,7,2019,26,59240330,12667,0,TBC,weekly,
236,Italy,Italy,0,2019-07-01,2019-07-07,7,2019,27,59240330,12324,0,TBC,weekly,
237,Italy,Italy,0,2019-07-08,2019-07-14,7,2019,28,59240330,11617,0,TBC,weekly,
238,Italy,Italy,0,2019-07-15,2019-07-21,7,2019,29,59240330,11019,0,TBC,weekly,
239,Italy,Italy,0,2019-07-22,2019-07-28,7,2019,30,59240330,12024,0,TBC,weekly,
240,Italy,Italy,0,2019-07-29,2019-08-04,7,2019,31,59240330,10974,0,TBC,weekly,
241,Italy,Italy,0,2019-08-05,2019-08-11,7,2019,32,59240330,11395,0,TBC,weekly,
242,Italy,Italy,0,2019-08-12,2019-08-18,7,2019,33,59240330,11256,0,TBC,weekly,
243,Italy,Italy,0,2019-08-19,2019-08-25,7,2019,34,59240330,11046,0,TBC,weekly,
244,Italy,Italy,0,2019-08-26,2019-09-01,7,2019,35,59240330,10908,0,TBC,weekly,
245,Italy,Italy,0,2019-09-02,2019-09-08,7,2019,36,59240330,10448,0,TBC,weekly,
246,Italy,Italy,0,2019-09-09,2019-09-15,7,2019,37,59240330,11025,0,TBC,weekly,
247,Italy,Italy,0,2019-09-16,2019-09-22,7,2019,38,59240330,10907,0,TBC,weekly,
248,Italy,Italy,0,2019-09-23,2019-09-29,7,2019,39,59240330,10986,0,TBC,weekly,
249,Italy,Italy,0,2019-09-30,2019-10-06,7,2019,40,59240330,10953,0,TBC,weekly,
250,Italy,Italy,0,2019-10-07,2019-10-13,7,2019,41,59240330,11441,0,TBC,weekly,
251,Italy,Italy,0,2019-10-14,2019-10-20,7,2019,42,59240330,11515,0,TBC,weekly,
252,Italy,Italy,0,2019-10-21,2019-10-27,7,2019,43,59240330,11769,0,TBC,weekly,
253,Italy,Italy,0,2019-10-28,2019-11-03,7,2019,44,59240330,11234,0,TBC,weekly,
254,Italy,Italy,0,2019-11-04,2019-11-10,7,2019,45,59240330,11740,0,TBC,weekly,
255,Italy,Italy,0,2019-11-11,2019-11-17,7,2019,46,59240330,12125,0,TBC,weekly,
256,Italy,Italy,0,2019-11-18,2019-11-24,7,2019,47,59240330,11968,0,TBC,weekly,
257,Italy,Italy,0,2019-11-25,2019-12-01,7,2019,48,59240330,12024,0,TBC,weekly,
258,Italy,Italy,0,2019-12-02,2019-12-08,7,2019,49,59240330,11897,0,TBC,weekly,
259,Italy,Italy,0,2019-12-09,2019-12-15,7,2019,50,59240330,12666,0,TBC,weekly,
260,Italy,Italy,0,2019-12-16,2019-12-22,7,2019,51,59240330,12981,0,TBC,weekly,
261,Italy,Italy,0,2019-12-23,2019-12-29,7,2019,52,59240330,12398,0,TBC,weekly,
262,Italy,Italy,0,2019-12-30,2020-01-05,7,2020,1,59240330,13483,0,TBC,weekly,
263,Italy,Italy,0,2020-01-06,2020-01-12,7,2020,2,59240330,13974,0,TBC,weekly,
264,Italy,Italy,0,2020-01-13,2020-01-19,7,2020,3,59240330,14049,0,TBC,weekly,
265,Italy,Italy,0,2020-01-20,2020-01-26,7,2020,4,59240330,13989,0,TBC,weekly,
266,Italy,Italy,0,2020-01-27,2020-02-02,7,2020,5,59240330,13900,0,TBC,weekly,
267,Italy,Italy,0,2020-02-03,2020-02-09,7,2020,6,59240330,13537,0,TBC,weekly,
268,Italy,Italy,0,2020-02-10,2020-02-16,7,2020,7,59240330,13641,0,TBC,weekly,
269,Italy,Italy,0,2020-02-17,2020-02-23,7,2020,8,59240330,13257,3,TBC,weekly,
270,Italy,Italy,0,2020-02-24,2020-03-01,7,2020,9,59240330,13696,31,TBC,weekly,
271,Italy,Italy,0,2020-03-02,2020-03-08,7,2020,10,59240330,14706,332,TBC,weekly,
272,Italy,Italy,0,2020-03-09,2020-03-15,7,2020,11,59240330,18234,1443,TBC,weekly,
273,Italy,Italy,0,2020-03-16,2020-03-22,7,2020,12,59240330,21929,3667,TBC,weekly,
274,Italy,Italy,0,2020-03-23,2020-03-29,7,2020,13,59240330,23457,5303,TBC,weekly,
275,Italy,Italy,0,2020-03-30,2020-04-05,7,2020,14,59240330,20901,5108,TBC,weekly,
276,Italy,Italy,0,2020-04-06,2020-04-12,7,2020,15,59240330,18949,4012,TBC,weekly,
277,Italy,Italy,0,2020-04-13,2020-04-19,7,2020,16,59240330,16757,3761,TBC,weekly,
278,Italy,Italy,0,2020-04-20,2020-04-26,7,2020,17,59240330,14725,2984,TBC,weekly,
279,Italy,Italy,0,2020-04-27,2020-05-03,7,2020,18,59240330,13156,2240,TBC,weekly,
280,Italy,Italy,0,2020-05-04,2020-05-10,7,2020,19,59240330,12604,1676,TBC,weekly,
281,Italy,Italy,0,2020-05-11,2020-05-17,7,2020,20,59240330,11976,1348,TBC,weekly,
282,Italy,Italy,0,2020-05-18,2020-05-24,7,2020,21,59240330,11447,877,TBC,weekly,
283,Italy,Italy,0,2020-05-25,2020-05-31,7,2020,22,59240330,10982,630,TBC,weekly,
284,Italy,Italy,0,2020-06-01,2020-06-07,7,2020,23,59240330,11144,484,TBC,weekly,
285,Italy,Italy,0,2020-06-08,2020-06-14,7,2020,24,59240330,10708,446,TBC,weekly,
286,Italy,Italy,0,2020-06-15,2020-06-21,7,2020,25,59240330,11123,289,TBC,weekly,
287,Italy,Italy,0,2020-06-22,2020-06-28,7,2020,26,59240330,12070,135,TBC,weekly,
288,Italy,Italy,0,2020-06-29,2020-07-05,7,2020,27,59240330,12396,123,TBC,weekly,
289,Italy,Italy,0,2020-07-06,2020-07-12,7,2020,28,59240330,11484,93,TBC,weekly,
290,Italy,Italy,0,2020-07-13,2020-07-19,7,2020,29,59240330,10923,91,TBC,weekly,
291,Italy,Italy,0,2020-07-20,2020-07-26,7,2020,30,59240330,11393,62,TBC,weekly,
292,Italy,Italy,0,2020-07-27,2020-08-02,7,2020,31,59240330,12724,47,TBC,weekly,
293,Italy,Italy,0,2020-08-03,2020-08-09,7,2020,32,59240330,12115,51,TBC,weekly,
294,Italy,Italy,0,2020-08-10,2020-08-16,7,2020,33,59240330,12410,191,TBC,weekly,
295,Italy,Italy,0,2020-08-17,2020-08-23,7,2020,34,59240330,11914,41,TBC,weekly,
296,Italy,Italy,0,2020-08-24,2020-08-30,7,2020,35,59240330,11761,40,TBC,weekly,
297,Italy,Italy,0,2020-08-31,2020-09-06,7,2020,36,59240330,11262,64,TBC,weekly,
298,Italy,Italy,0,2020-09-07,2020-09-13,7,2020,37,59240330,11627,69,TBC,weekly,
299,Italy,Italy,0,2020-09-14,2020-09-20,7,2020,38,59240330,11821,97,TBC,weekly,
300,Italy,Italy,0,2020-09-21,2020-09-27,7,2020,39,59240330,11179,128,TBC,weekly,
301,Italy,Italy,0,2020-09-28,2020-10-04,7,2020,40,59240330,12017,151,TBC,weekly,
302,Italy,Italy,0,2020-10-05,2020-10-11,7,2020,41,59240330,12246,180,TBC,weekly,
303,Italy,Italy,0,2020-10-12,2020-10-18,7,2020,42,59240330,12746,377,TBC,weekly,
304,Italy,Italy,0,2020-10-19,2020-10-25,7,2020,43,59240330,14547,795,TBC,weekly,
305,Italy,Italy,0,2020-10-26,2020-11-01,7,2020,44,59240330,15659,1488,TBC,weekly,
306,Italy,Italy,0,2020-11-02,2020-11-08,7,2020,45,59240330,17335,2568,TBC,weekly,
307,Italy,Italy,0,2020-11-09,2020-11-15,7,2020,46,59240330,18647,3835,TBC,weekly,
308,Italy,Italy,0,2020-11-16,2020-11-22,7,2020,47,59240330,18784,4594,TBC,weekly,
309,Italy,Italy,0,2020-11-23,2020-11-29,7,2020,48,59240330,18887,5081,TBC,weekly,
310,Italy,Italy,0,2020-11-30,2020-12-06,7,2020,49,59240330,17995,5174,TBC,weekly,
311,Italy,Italy,0,2020-12-07,2020-12-13,7,2020,50,59240330,17482,4442,TBC,weekly,
312,Italy,Italy,0,2020-12-14,2020-12-20,7,2020,51,59240330,17073,4279,TBC,weekly,
313,Italy,Italy,0,2020-12-21,2020-12-27,7,2020,52,59240330,15703,3126,TBC,weekly,
314,Italy,Italy,0,2020-12-28,2021-01-03,7,2020,53,59240330,16338,3407,TBC,weekly,
315,Italy,Italy,0,2021-01-04,2021-01-10,7,2021,1,59240330,16831,3423,TBC,weekly,
316,Italy,Italy,0,2021-01-11,2021-01-17,7,2021,2,59240330,16921,3422,TBC,weekly,
317,Italy,Italy,0,2021-01-18,2021-01-24,7,2021,3,59240330,17209,3284,TBC,weekly,
318,Italy,Italy,0,2021-01-25,2021-01-31,7,2021,4,59240330,16383,3055,TBC,weekly,
319,Italy,Italy,0,2021-02-01,2021-02-07,7,2021,5,59240330,15657,2757,TBC,weekly,
320,Italy,Italy,0,2021-02-08,2021-02-14,7,2021,6,59240330,14324,2304,TBC,weekly,
321,Italy,Italy,0,2021-02-15,2021-02-21,7,2021,7,59240330,14965,2141,TBC,weekly,
322,Italy,Italy,0,2021-02-22,2021-02-28,7,2021,8,59240330,14443,1981,TBC,weekly,
323,Italy,Italy,0,2021-03-01,2021-03-07,7,2021,9,59240330,14751,2086,TBC,weekly,
324,Italy,Italy,0,2021-03-08,2021-03-14,7,2021,10,59240330,15259,2360,TBC,weekly,
325,Italy,Italy,0,2021-03-15,2021-03-21,7,2021,11,59240330,15559,2797,TBC,weekly,
326,Italy,Italy,0,2021-03-22,2021-03-28,7,2021,12,59240330,15982,2991,TBC,weekly,
327,Italy,Italy,0,2021-03-29,2021-04-04,7,2021,13,59240330,15929,3097,TBC,weekly,
328,Italy,Italy,0,2021-04-05,2021-04-11,7,2021,14,59240330,15219,3224,TBC,weekly,
329,Italy,Italy,0,2021-04-12,2021-04-18,7,2021,15,59240330,14646,2673,TBC,weekly,
330,Italy,Italy,0,2021-04-19,2021-04-25,7,2021,16,59240330,14576,2311,TBC,weekly,
331,Italy,Italy,0,2021-04-26,2021-05-02,7,2021,17,59240330,13761,1939,TBC,weekly,
332,Italy,Italy,0,2021-05-03,2021-05-09,7,2021,18,59240330,12813,1656,TBC,weekly,
333,Italy,Italy,0,2021-05-10,2021-05-16,7,2021,19,59240330,12428,1323,TBC,weekly,
334,Italy,Italy,0,2021-05-17,2021-05-23,7,2021,20,59240330,12188,1069,TBC,weekly,
335,Italy,Italy,0,2021-05-24,2021-05-30,7,2021,21,59240330,12005,821,TBC,weekly,
336,Italy,Italy,0,2021-05-31,2021-06-06,7,2021,22,59240330,11957,477,TBC,weekly,
337,Italy,Italy,0,2021-06-07,2021-06-13,7,2021,23,59240330,11874,479,TBC,weekly,
338,Italy,Italy,0,2021-06-14,2021-06-20,7,2021,24,59240330,11716,268,TBC,weekly,
339,Italy,Italy,0,2021-06-21,2021-06-27,7,2021,25,59240330,12871,202,TBC,weekly,
340,Italy,Italy,0,2021-06-28,2021-07-04,7,2021,26,59240330,12419,177,TBC,weekly,
341,Italy,Italy,0,2021-07-05,2021-07-11,7,2021,27,59240330,12039,126,TBC,weekly,
342,Italy,Italy,0,2021-07-12,2021-07-18,7,2021,28,59240330,11693,92,TBC,weekly,
343,Italy,Italy,0,2021-07-19,2021-07-25,7,2021,29,59240330,11999,82,TBC,weekly,
344,Italy,Italy,0,2021-07-26,2021-08-01,7,2021,30,59240330,12850,119,TBC,weekly,
345,Italy,Italy,0,2021-08-02,2021-08-08,7,2021,31,59240330,12646,152,TBC,weekly,
346,Italy,Italy,0,2021-08-09,2021-08-15,7,2021,32,59240330,13752,212,TBC,weekly,
347,Italy,Italy,0,2021-08-16,2021-08-22,7,2021,33,59240330,12889,319,TBC,weekly,
348,Italy,Italy,0,2021-08-23,2021-08-29,7,2021,34,59240330,12075,342,TBC,weekly,
349,Italy,Italy,0,2021-08-30,2021-09-05,7,2021,35,59240330,12021,422,TBC,weekly,
350,Italy,Italy,0,2021-09-06,2021-09-12,7,2021,36,59240330,12142,404,TBC,weekly,
351,Italy,Italy,0,2021-09-13,2021-09-19,7,2021,37,59240330,12231,391,TBC,weekly,
352,Italy,Italy,0,2021-09-20,2021-09-26,7,2021,38,59240330,11633,387,TBC,weekly,
353,Italy,Italy,0,2021-09-27,2021-10-03,7,2021,39,59240330,11534,334,TBC,weekly,
354,Italy,Italy,0,2021-10-04,2021-10-10,7,2021,40,59240330,11378,270,TBC,weekly,
355,Italy,Italy,0,2021-10-11,2021-10-17,7,2021,41,59240330,12515,240,TBC,weekly,
356,Italy,Italy,0,2021-10-18,2021-10-24,7,2021,42,59240330,13072,285,TBC,weekly,
357,Italy,Italy,0,2021-10-25,2021-10-31,7,2021,43,59240330,12703,274,TBC,weekly,
358,Italy,Italy,0,2021-11-01,2021-11-07,7,2021,44,59240330,12743,291,TBC,weekly,
359,Italy,Italy,0,2021-11-08,2021-11-14,7,2021,45,59240330,12794,384,TBC,weekly,
360,Italy,Italy,0,2021-11-15,2021-11-21,7,2021,46,59240330,12781,402,TBC,weekly,
361,Italy,Italy,0,2021-11-22,2021-11-28,7,2021,47,59240330,12751,497,TBC,weekly,
362,Italy,Italy,0,2021-11-29,2021-12-05,7,2021,48,59240330,13879,521,TBC,weekly,
363,Italy,Italy,0,2021-12-06,2021-12-12,7,2021,49,59240330,14237,636,TBC,weekly,
364,Italy,Italy,0,2021-12-13,2021-12-19,7,2021,50,59240330,14972,810,TBC,weekly,
365,Italy,Italy,0,2021-12-20,2021-12-26,7,2021,51,59240330,15214,970,TBC,weekly,
366,Italy,Italy,0,2021-12-27,2022-01-02,7,2021,52,59240330,14981,1035,TBC,weekly,
367,Italy,Italy,0,2022-01-03,2022-01-09,7,2022,1,59240330,15806,1392,TBC,weekly,
368,Italy,Italy,0,2022-01-10,2022-01-16,7,2022,2,59240330,16811,2066,TBC,weekly,
369,Italy,Italy,0,2022-01-17,2022-01-23,7,2022,3,59240330,16916,2419,TBC,weekly,
370,Italy,Italy,0,2022-01-24,2022-01-30,7,2022,4,59240330,17250,2626,TBC,weekly,
371,Italy,Italy,0,2022-01-31,2022-02-06,7,2022,5,59240330,16752,2622,TBC,weekly,
372,Italy,Italy,0,2022-02-07,2022-02-13,7,2022,6,59240330,15455,2244,TBC,weekly,
373,Italy,Italy,0,2022-02-14,2022-02-20,7,2022,7,59240330,14559,1974,TBC,weekly,
374,Italy,Italy,0,2022-02-21,2022-02-27,7,2022,8,59240330,13805,1571,TBC,weekly,
375,Italy,Italy,0,2022-02-28,2022-03-06,7,2022,9,59240330,13821,1327,TBC,weekly,
376,Italy,Italy,0,2022-03-07,2022-03-13,7,2022,10,59240330,13981,981,TBC,weekly,
377,Italy,Italy,0,2022-03-14,2022-03-20,7,2022,11,59240330,13933,917,TBC,weekly,
378,Italy,Italy,0,2022-03-21,2022-03-27,7,2022,12,59240330,13561,997,TBC,weekly,
379,Italy,Italy,0,2022-03-28,2022-04-03,7,2022,13,59240330,13692,1002,TBC,weekly,
380,Italy,Italy,0,2022-04-04,2022-04-10,7,2022,14,59240330,13600,964,TBC,weekly,
381,Italy,Italy,0,2022-04-11,2022-04-17,7,2022,15,59240330,13382,939,TBC,weekly,
382,Italy,Italy,0,2022-04-18,2022-04-24,7,2022,16,59240330,12915,1001,TBC,weekly,
383,Italy,Italy,0,2022-04-25,2022-05-01,7,2022,17,59240330,12666,924,TBC,weekly,
384,Italy,Italy,0,2022-05-02,2022-05-08,7,2022,18,59240330,12489,877,TBC,weekly,
385,Italy,Italy,0,2022-05-09,2022-05-15,7,2022,19,59240330,12560,755,TBC,weekly,
386,Italy,Italy,0,2022-05-16,2022-05-22,7,2022,20,59240330,12348,708,TBC,weekly,
387,Italy,Italy,0,2022-05-23,2022-05-29,7,2022,21,59240330,12141,617,TBC,weekly,
388,Italy,Italy,0,2022-05-30,2022-06-05,7,2022,22,59240330,11522,380,TBC,weekly,
389,Italy,Italy,0,2022-06-06,2022-06-12,7,2022,23,59240330,11540,442,TBC,weekly,
390,Italy,Italy,0,2022-06-13,2022-06-19,7,2022,24,59240330,11886,330,TBC,weekly,
391,Italy,Italy,0,2022-06-20,2022-06-26,7,2022,25,59240330,12286,381,TBC,weekly,
392,Italy,Italy,0,2022-06-27,2022-07-03,7,2022,26,59240330,13102,443,TBC,weekly,
393,Italy,Italy,0,2022-07-04,2022-07-10,7,2022,27,59240330,13827,561,TBC,weekly,
394,Italy,Italy,0,2022-07-11,2022-07-17,7,2022,28,59240330,13274,819,TBC,weekly,
395,Italy,Italy,0,2022-07-18,2022-07-24,7,2022,29,59240330,15363,950,TBC,weekly,
396,Italy,Italy,0,2022-07-25,2022-07-31,7,2022,30,59240330,15655,1211,TBC,weekly,
397,Israel,Israel,0,2014-12-29,2015-01-04,7,2015,1,9291000,936,0,TBC,weekly,
398,Israel,Israel,0,2015-01-05,2015-01-11,7,2015,2,9291000,1020,0,TBC,weekly,
399,Israel,Israel,0,2015-01-12,2015-01-18,7,2015,3,9291000,988,0,TBC,weekly,
400,Israel,Israel,0,2015-01-19,2015-01-25,7,2015,4,9291000,1068,0,TBC,weekly,
401,Israel,Israel,0,2015-01-26,2015-02-01,7,2015,5,9291000,1071,0,TBC,weekly,
402,Israel,Israel,0,2015-02-02,2015-02-08,7,2015,6,9291000,1049,0,TBC,weekly,
403,Israel,Israel,0,2015-02-09,2015-02-15,7,2015,7,9291000,1040,0,TBC,weekly,
404,Israel,Israel,0,2015-02-16,2015-02-22,7,2015,8,9291000,1019,0,TBC,weekly,
405,Israel,Israel,0,2015-02-23,2015-03-01,7,2015,9,9291000,984,0,TBC,weekly,
406,Israel,Israel,0,2015-03-02,2015-03-08,7,2015,10,9291000,1023,0,TBC,weekly,
407,Israel,Israel,0,2015-03-09,2015-03-15,7,2015,11,9291000,955,0,TBC,weekly,
408,Israel,Israel,0,2015-03-16,2015-03-22,7,2015,12,9291000,830,0,TBC,weekly,
409,Israel,Israel,0,2015-03-23,2015-03-29,7,2015,13,9291000,935,0,TBC,weekly,
410,Israel,Israel,0,2015-03-30,2015-04-05,7,2015,14,9291000,883,0,TBC,weekly,
411,Israel,Israel,0,2015-04-06,2015-04-12,7,2015,15,9291000,811,0,TBC,weekly,
412,Israel,Israel,0,2015-04-13,2015-04-19,7,2015,16,9291000,754,0,TBC,weekly,
413,Israel,Israel,0,2015-04-20,2015-04-26,7,2015,17,9291000,822,0,TBC,weekly,
414,Israel,Israel,0,2015-04-27,2015-05-03,7,2015,18,9291000,773,0,TBC,weekly,
415,Israel,Israel,0,2015-05-04,2015-05-10,7,2015,19,9291000,848,0,TBC,weekly,
416,Israel,Israel,0,2015-05-11,2015-05-17,7,2015,20,9291000,777,0,TBC,weekly,
417,Israel,Israel,0,2015-05-18,2015-05-24,7,2015,21,9291000,822,0,TBC,weekly,
418,Israel,Israel,0,2015-05-25,2015-05-31,7,2015,22,9291000,757,0,TBC,weekly,
419,Israel,Israel,0,2015-06-01,2015-06-07,7,2015,23,9291000,725,0,TBC,weekly,
420,Israel,Israel,0,2015-06-08,2015-06-14,7,2015,24,9291000,718,0,TBC,weekly,
421,Israel,Israel,0,2015-06-15,2015-06-21,7,2015,25,9291000,751,0,TBC,weekly,
422,Israel,Israel,0,2015-06-22,2015-06-28,7,2015,26,9291000,767,0,TBC,weekly,
423,Israel,Israel,0,2015-06-29,2015-07-05,7,2015,27,9291000,770,0,TBC,weekly,
424,Israel,Israel,0,2015-07-06,2015-07-12,7,2015,28,9291000,743,0,TBC,weekly,
425,Israel,Israel,0,2015-07-13,2015-07-19,7,2015,29,9291000,733,0,TBC,weekly,
426,Israel,Israel,0,2015-07-20,2015-07-26,7,2015,30,9291000,782,0,TBC,weekly,
427,Israel,Israel,0,2015-07-27,2015-08-02,7,2015,31,9291000,723,0,TBC,weekly,
428,Israel,Israel,0,2015-08-03,2015-08-09,7,2015,32,9291000,864,0,TBC,weekly,
429,Israel,Israel,0,2015-08-10,2015-08-16,7,2015,33,9291000,742,0,TBC,weekly,
430,Israel,Israel,0,2015-08-17,2015-08-23,7,2015,34,9291000,816,0,TBC,weekly,
431,Israel,Israel,0,2015-08-24,2015-08-30,7,2015,35,9291000,747,0,TBC,weekly,
432,Israel,Israel,0,2015-08-31,2015-09-06,7,2015,36,9291000,763,0,TBC,weekly,
433,Israel,Israel,0,2015-09-07,2015-09-13,7,2015,37,9291000,761,0,TBC,weekly,
434,Israel,Israel,0,2015-09-14,2015-09-20,7,2015,38,9291000,800,0,TBC,weekly,
435,Israel,Israel,0,2015-09-21,2015-09-27,7,2015,39,9291000,749,0,TBC,weekly,
436,Israel,Israel,0,2015-09-28,2015-10-04,7,2015,40,9291000,784,0,TBC,weekly,
437,Israel,Israel,0,2015-10-05,2015-10-11,7,2015,41,9291000,798,0,TBC,weekly,
438,Israel,Israel,0,2015-10-12,2015-10-18,7,2015,42,9291000,831,0,TBC,weekly,
439,Israel,Israel,0,2015-10-19,2015-10-25,7,2015,43,9291000,788,0,TBC,weekly,
440,Israel,Israel,0,2015-10-26,2015-11-01,7,2015,44,9291000,795,0,TBC,weekly,
441,Israel,Israel,0,2015-11-02,2015-11-08,7,2015,45,9291000,812,0,TBC,weekly,
442,Israel,Israel,0,2015-11-09,2015-11-15,7,2015,46,9291000,863,0,TBC,weekly,
443,Israel,Israel,0,2015-11-16,2015-11-22,7,2015,47,9291000,832,0,TBC,weekly,
444,Israel,Israel,0,2015-11-23,2015-11-29,7,2015,48,9291000,852,0,TBC,weekly,
445,Israel,Israel,0,2015-11-30,2015-12-06,7,2015,49,9291000,791,0,TBC,weekly,
446,Israel,Israel,0,2015-12-07,2015-12-13,7,2015,50,9291000,946,0,TBC,weekly,
447,Israel,Israel,0,2015-12-14,2015-12-20,7,2015,51,9291000,898,0,TBC,weekly,
448,Israel,Israel,0,2015-12-21,2015-12-27,7,2015,52,9291000,954,0,TBC,weekly,
449,Israel,Israel,0,2015-12-28,2016-01-03,7,2015,53,9291000,1003,0,TBC,weekly,
450,Israel,Israel,0,2016-01-04,2016-01-10,7,2016,1,9291000,1012,0,TBC,weekly,
451,Israel,Israel,0,2016-01-11,2016-01-17,7,2016,2,9291000,1019,0,TBC,weekly,
452,Israel,Israel,0,2016-01-18,2016-01-24,7,2016,3,9291000,945,0,TBC,weekly,
453,Israel,Israel,0,2016-01-25,2016-01-31,7,2016,4,9291000,956,0,TBC,weekly,
454,Israel,Israel,0,2016-02-01,2016-02-07,7,2016,5,9291000,1097,0,TBC,weekly,
455,Israel,Israel,0,2016-02-08,2016-02-14,7,2016,6,9291000,1077,0,TBC,weekly,
456,Israel,Israel,0,2016-02-15,2016-02-21,7,2016,7,9291000,1007,0,TBC,weekly,
457,Israel,Israel,0,2016-02-22,2016-02-28,7,2016,8,9291000,905,0,TBC,weekly,
458,Israel,Israel,0,2016-02-29,2016-03-06,7,2016,9,9291000,896,0,TBC,weekly,
459,Israel,Israel,0,2016-03-07,2016-03-13,7,2016,10,9291000,838,0,TBC,weekly,
460,Israel,Israel,0,2016-03-14,2016-03-20,7,2016,11,9291000,833,0,TBC,weekly,
461,Israel,Israel,0,2016-03-21,2016-03-27,7,2016,12,9291000,789,0,TBC,weekly,
462,Israel,Israel,0,2016-03-28,2016-04-03,7,2016,13,9291000,810,0,TBC,weekly,
463,Israel,Israel,0,2016-04-04,2016-04-10,7,2016,14,9291000,930,0,TBC,weekly,
464,Israel,Israel,0,2016-04-11,2016-04-17,7,2016,15,9291000,830,0,TBC,weekly,
465,Israel,Israel,0,2016-04-18,2016-04-24,7,2016,16,9291000,832,0,TBC,weekly,
466,Israel,Israel,0,2016-04-25,2016-05-01,7,2016,17,9291000,834,0,TBC,weekly,
467,Israel,Israel,0,2016-05-02,2016-05-08,7,2016,18,9291000,765,0,TBC,weekly,
468,Israel,Israel,0,2016-05-09,2016-05-15,7,2016,19,9291000,746,0,TBC,weekly,
469,Israel,Israel,0,2016-05-16,2016-05-22,7,2016,20,9291000,769,0,TBC,weekly,
470,Israel,Israel,0,2016-05-23,2016-05-29,7,2016,21,9291000,780,0,TBC,weekly,
471,Israel,Israel,0,2016-05-30,2016-06-05,7,2016,22,9291000,799,0,TBC,weekly,
472,Israel,Israel,0,2016-06-06,2016-06-12,7,2016,23,9291000,748,0,TBC,weekly,
473,Israel,Israel,0,2016-06-13,2016-06-19,7,2016,24,9291000,765,0,TBC,weekly,
474,Israel,Israel,0,2016-06-20,2016-06-26,7,2016,25,9291000,736,0,TBC,weekly,
475,Israel,Israel,0,2016-06-27,2016-07-03,7,2016,26,9291000,736,0,TBC,weekly,
476,Israel,Israel,0,2016-07-04,2016-07-10,7,2016,27,9291000,734,0,TBC,weekly,
477,Israel,Israel,0,2016-07-11,2016-07-17,7,2016,28,9291000,759,0,TBC,weekly,
478,Israel,Israel,0,2016-07-18,2016-07-24,7,2016,29,9291000,739,0,TBC,weekly,
479,Israel,Israel,0,2016-07-25,2016-07-31,7,2016,30,9291000,773,0,TBC,weekly,
480,Israel,Israel,0,2016-08-01,2016-08-07,7,2016,31,9291000,806,0,TBC,weekly,
481,Israel,Israel,0,2016-08-08,2016-08-14,7,2016,32,9291000,730,0,TBC,weekly,
482,Israel,Israel,0,2016-08-15,2016-08-21,7,2016,33,9291000,775,0,TBC,weekly,
483,Israel,Israel,0,2016-08-22,2016-08-28,7,2016,34,9291000,750,0,TBC,weekly,
484,Israel,Israel,0,2016-08-29,2016-09-04,7,2016,35,9291000,750,0,TBC,weekly,
485,Israel,Israel,0,2016-09-05,2016-09-11,7,2016,36,9291000,754,0,TBC,weekly,
486,Israel,Israel,0,2016-09-12,2016-09-18,7,2016,37,9291000,742,0,TBC,weekly,
487,Israel,Israel,0,2016-09-19,2016-09-25,7,2016,38,9291000,768,0,TBC,weekly,
488,Israel,Israel,0,2016-09-26,2016-10-02,7,2016,39,9291000,767,0,TBC,weekly,
489,Israel,Israel,0,2016-10-03,2016-10-09,7,2016,40,9291000,802,0,TBC,weekly,
490,Israel,Israel,0,2016-10-10,2016-10-16,7,2016,41,9291000,792,0,TBC,weekly,
491,Israel,Israel,0,2016-10-17,2016-10-23,7,2016,42,9291000,756,0,TBC,weekly,
492,Israel,Israel,0,2016-10-24,2016-10-30,7,2016,43,9291000,791,0,TBC,weekly,
493,Israel,Israel,0,2016-10-31,2016-11-06,7,2016,44,9291000,808,0,TBC,weekly,
494,Israel,Israel,0,2016-11-07,2016-11-13,7,2016,45,9291000,800,0,TBC,weekly,
495,Israel,Israel,0,2016-11-14,2016-11-20,7,2016,46,9291000,820,0,TBC,weekly,
496,Israel,Israel,0,2016-11-21,2016-11-27,7,2016,47,9291000,870,0,TBC,weekly,
497,Israel,Israel,0,2016-11-28,2016-12-04,7,2016,48,9291000,982,0,TBC,weekly,
498,Israel,Israel,0,2016-12-05,2016-12-11,7,2016,49,9291000,937,0,TBC,weekly,
499,Israel,Israel,0,2016-12-12,2016-12-18,7,2016,50,9291000,1001,0,TBC,weekly,
500,Israel,Israel,0,2016-12-19,2016-12-25,7,2016,51,9291000,962,0,TBC,weekly,
501,Israel,Israel,0,2016-12-26,2017-01-01,7,2016,52,9291000,1067,0,TBC,weekly,
502,Israel,Israel,0,2017-01-02,2017-01-08,7,2017,1,9291000,1128,0,TBC,weekly,
503,Israel,Israel,0,2017-01-09,2017-01-15,7,2017,2,9291000,1156,0,TBC,weekly,
504,Israel,Israel,0,2017-01-16,2017-01-22,7,2017,3,9291000,1092,0,TBC,weekly,
505,Israel,Israel,0,2017-01-23,2017-01-29,7,2017,4,9291000,1073,0,TBC,weekly,
506,Israel,Israel,0,2017-01-30,2017-02-05,7,2017,5,9291000,1030,0,TBC,weekly,
507,Israel,Israel,0,2017-02-06,2017-02-12,7,2017,6,9291000,1091,0,TBC,weekly,
508,Israel,Israel,0,2017-02-13,2017-02-19,7,2017,7,9291000,908,0,TBC,weekly,
509,Israel,Israel,0,2017-02-20,2017-02-26,7,2017,8,9291000,991,0,TBC,weekly,
510,Israel,Israel,0,2017-02-27,2017-03-05,7,2017,9,9291000,980,0,TBC,weekly,
511,Israel,Israel,0,2017-03-06,2017-03-12,7,2017,10,9291000,927,0,TBC,weekly,
512,Israel,Israel,0,2017-03-13,2017-03-19,7,2017,11,9291000,919,0,TBC,weekly,
513,Israel,Israel,0,2017-03-20,2017-03-26,7,2017,12,9291000,885,0,TBC,weekly,
514,Israel,Israel,0,2017-03-27,2017-04-02,7,2017,13,9291000,903,0,TBC,weekly,
515,Israel,Israel,0,2017-04-03,2017-04-09,7,2017,14,9291000,833,0,TBC,weekly,
516,Israel,Israel,0,2017-04-10,2017-04-16,7,2017,15,9291000,856,0,TBC,weekly,
517,Israel,Israel,0,2017-04-17,2017-04-23,7,2017,16,9291000,854,0,TBC,weekly,
518,Israel,Israel,0,2017-04-24,2017-04-30,7,2017,17,9291000,912,0,TBC,weekly,
519,Israel,Israel,0,2017-05-01,2017-05-07,7,2017,18,9291000,758,0,TBC,weekly,
520,Israel,Israel,0,2017-05-08,2017-05-14,7,2017,19,9291000,848,0,TBC,weekly,
521,Israel,Israel,0,2017-05-15,2017-05-21,7,2017,20,9291000,794,0,TBC,weekly,
522,Israel,Israel,0,2017-05-22,2017-05-28,7,2017,21,9291000,736,0,TBC,weekly,
523,Israel,Israel,0,2017-05-29,2017-06-04,7,2017,22,9291000,792,0,TBC,weekly,
524,Israel,Israel,0,2017-06-05,2017-06-11,7,2017,23,9291000,820,0,TBC,weekly,
525,Israel,Israel,0,2017-06-12,2017-06-18,7,2017,24,9291000,735,0,TBC,weekly,
526,Israel,Israel,0,2017-06-19,2017-06-25,7,2017,25,9291000,740,0,TBC,weekly,
527,Israel,Israel,0,2017-06-26,2017-07-02,7,2017,26,9291000,797,0,TBC,weekly,
528,Israel,Israel,0,2017-07-03,2017-07-09,7,2017,27,9291000,768,0,TBC,weekly,
529,Israel,Israel,0,2017-07-10,2017-07-16,7,2017,28,9291000,760,0,TBC,weekly,
530,Israel,Israel,0,2017-07-17,2017-07-23,7,2017,29,9291000,759,0,TBC,weekly,
531,Israel,Israel,0,2017-07-24,2017-07-30,7,2017,30,9291000,795,0,TBC,weekly,
532,Israel,Israel,0,2017-07-31,2017-08-06,7,2017,31,9291000,768,0,TBC,weekly,
533,Israel,Israel,0,2017-08-07,2017-08-13,7,2017,32,9291000,754,0,TBC,weekly,
534,Israel,Israel,0,2017-08-14,2017-08-20,7,2017,33,9291000,747,0,TBC,weekly,
535,Israel,Israel,0,2017-08-21,2017-08-27,7,2017,34,9291000,730,0,TBC,weekly,
536,Israel,Israel,0,2017-08-28,2017-09-03,7,2017,35,9291000,754,0,TBC,weekly,
537,Israel,Israel,0,2017-09-04,2017-09-10,7,2017,36,9291000,737,0,TBC,weekly,
538,Israel,Israel,0,2017-09-11,2017-09-17,7,2017,37,9291000,723,0,TBC,weekly,
539,Israel,Israel,0,2017-09-18,2017-09-24,7,2017,38,9291000,737,0,TBC,weekly,
540,Israel,Israel,0,2017-09-25,2017-10-01,7,2017,39,9291000,788,0,TBC,weekly,
541,Israel,Israel,0,2017-10-02,2017-10-08,7,2017,40,9291000,763,0,TBC,weekly,
542,Israel,Israel,0,2017-10-09,2017-10-15,7,2017,41,9291000,784,0,TBC,weekly,
543,Israel,Israel,0,2017-10-16,2017-10-22,7,2017,42,9291000,865,0,TBC,weekly,
544,Israel,Israel,0,2017-10-23,2017-10-29,7,2017,43,9291000,826,0,TBC,weekly,
545,Israel,Israel,0,2017-10-30,2017-11-05,7,2017,44,9291000,819,0,TBC,weekly,
546,Israel,Israel,0,2017-11-06,2017-11-12,7,2017,45,9291000,774,0,TBC,weekly,
547,Israel,Israel,0,2017-11-13,2017-11-19,7,2017,46,9291000,879,0,TBC,weekly,
548,Israel,Israel,0,2017-11-20,2017-11-26,7,2017,47,9291000,827,0,TBC,weekly,
549,Israel,Israel,0,2017-11-27,2017-12-03,7,2017,48,9291000,880,0,TBC,weekly,
550,Israel,Israel,0,2017-12-04,2017-12-10,7,2017,49,9291000,862,0,TBC,weekly,
551,Israel,Israel,0,2017-12-11,2017-12-17,7,2017,50,9291000,913,0,TBC,weekly,
552,Israel,Israel,0,2017-12-18,2017-12-24,7,2017,51,9291000,936,0,TBC,weekly,
553,Israel,Israel,0,2017-12-25,2017-12-31,7,2017,52,9291000,919,0,TBC,weekly,
554,Israel,Israel,0,2018-01-01,2018-01-07,7,2018,1,9291000,1011,0,TBC,weekly,
555,Israel,Israel,0,2018-01-08,2018-01-14,7,2018,2,9291000,999,0,TBC,weekly,
556,Israel,Israel,0,2018-01-15,2018-01-21,7,2018,3,9291000,1016,0,TBC,weekly,
557,Israel,Israel,0,2018-01-22,2018-01-28,7,2018,4,9291000,1006,0,TBC,weekly,
558,Israel,Israel,0,2018-01-29,2018-02-04,7,2018,5,9291000,1015,0,TBC,weekly,
559,Israel,Israel,0,2018-02-05,2018-02-11,7,2018,6,9291000,989,0,TBC,weekly,
560,Israel,Israel,0,2018-02-12,2018-02-18,7,2018,7,9291000,1010,0,TBC,weekly,
561,Israel,Israel,0,2018-02-19,2018-02-25,7,2018,8,9291000,974,0,TBC,weekly,
562,Israel,Israel,0,2018-02-26,2018-03-04,7,2018,9,9291000,934,0,TBC,weekly,
563,Israel,Israel,0,2018-03-05,2018-03-11,7,2018,10,9291000,909,0,TBC,weekly,
564,Israel,Israel,0,2018-03-12,2018-03-18,7,2018,11,9291000,907,0,TBC,weekly,
565,Israel,Israel,0,2018-03-19,2018-03-25,7,2018,12,9291000,868,0,TBC,weekly,
566,Israel,Israel,0,2018-03-26,2018-04-01,7,2018,13,9291000,872,0,TBC,weekly,
567,Israel,Israel,0,2018-04-02,2018-04-08,7,2018,14,9291000,846,0,TBC,weekly,
568,Israel,Israel,0,2018-04-09,2018-04-15,7,2018,15,9291000,790,0,TBC,weekly,
569,Israel,Israel,0,2018-04-16,2018-04-22,7,2018,16,9291000,803,0,TBC,weekly,
570,Israel,Israel,0,2018-04-23,2018-04-29,7,2018,17,9291000,799,0,TBC,weekly,
571,Israel,Israel,0,2018-04-30,2018-05-06,7,2018,18,9291000,812,0,TBC,weekly,
572,Israel,Israel,0,2018-05-07,2018-05-13,7,2018,19,9291000,797,0,TBC,weekly,
573,Israel,Israel,0,2018-05-14,2018-05-20,7,2018,20,9291000,820,0,TBC,weekly,
574,Israel,Israel,0,2018-05-21,2018-05-27,7,2018,21,9291000,818,0,TBC,weekly,
575,Israel,Israel,0,2018-05-28,2018-06-03,7,2018,22,9291000,763,0,TBC,weekly,
576,Israel,Israel,0,2018-06-04,2018-06-10,7,2018,23,9291000,820,0,TBC,weekly,
577,Israel,Israel,0,2018-06-11,2018-06-17,7,2018,24,9291000,718,0,TBC,weekly,
578,Israel,Israel,0,2018-06-18,2018-06-24,7,2018,25,9291000,821,0,TBC,weekly,
579,Israel,Israel,0,2018-06-25,2018-07-01,7,2018,26,9291000,762,0,TBC,weekly,
580,Israel,Israel,0,2018-07-02,2018-07-08,7,2018,27,9291000,788,0,TBC,weekly,
581,Israel,Israel,0,2018-07-09,2018-07-15,7,2018,28,9291000,812,0,TBC,weekly,
582,Israel,Israel,0,2018-07-16,2018-07-22,7,2018,29,9291000,779,0,TBC,weekly,
583,Israel,Israel,0,2018-07-23,2018-07-29,7,2018,30,9291000,798,0,TBC,weekly,
584,Israel,Israel,0,2018-07-30,2018-08-05,7,2018,31,9291000,752,0,TBC,weekly,
585,Israel,Israel,0,2018-08-06,2018-08-12,7,2018,32,9291000,774,0,TBC,weekly,
586,Israel,Israel,0,2018-08-13,2018-08-19,7,2018,33,9291000,780,0,TBC,weekly,
587,Israel,Israel,0,2018-08-20,2018-08-26,7,2018,34,9291000,831,0,TBC,weekly,
588,Israel,Israel,0,2018-08-27,2018-09-02,7,2018,35,9291000,799,0,TBC,weekly,
589,Israel,Israel,0,2018-09-03,2018-09-09,7,2018,36,9291000,805,0,TBC,weekly,
590,Israel,Israel,0,2018-09-10,2018-09-16,7,2018,37,9291000,787,0,TBC,weekly,
591,Israel,Israel,0,2018-09-17,2018-09-23,7,2018,38,9291000,798,0,TBC,weekly,
592,Israel,Israel,0,2018-09-24,2018-09-30,7,2018,39,9291000,782,0,TBC,weekly,
593,Israel,Israel,0,2018-10-01,2018-10-07,7,2018,40,9291000,783,0,TBC,weekly,
594,Israel,Israel,0,2018-10-08,2018-10-14,7,2018,41,9291000,814,0,TBC,weekly,
595,Israel,Israel,0,2018-10-15,2018-10-21,7,2018,42,9291000,807,0,TBC,weekly,
596,Israel,Israel,0,2018-10-22,2018-10-28,7,2018,43,9291000,877,0,TBC,weekly,
597,Israel,Israel,0,2018-10-29,2018-11-04,7,2018,44,9291000,901,0,TBC,weekly,
598,Israel,Israel,0,2018-11-05,2018-11-11,7,2018,45,9291000,878,0,TBC,weekly,
599,Israel,Israel,0,2018-11-12,2018-11-18,7,2018,46,9291000,843,0,TBC,weekly,
600,Israel,Israel,0,2018-11-19,2018-11-25,7,2018,47,9291000,859,0,TBC,weekly,
601,Israel,Israel,0,2018-11-26,2018-12-02,7,2018,48,9291000,870,0,TBC,weekly,
602,Israel,Israel,0,2018-12-03,2018-12-09,7,2018,49,9291000,865,0,TBC,weekly,
603,Israel,Israel,0,2018-12-10,2018-12-16,7,2018,50,9291000,899,0,TBC,weekly,
604,Israel,Israel,0,2018-12-17,2018-12-23,7,2018,51,9291000,939,0,TBC,weekly,
605,Israel,Israel,0,2018-12-24,2018-12-30,7,2018,52,9291000,898,0,TBC,weekly,
606,Israel,Israel,0,2018-12-31,2019-01-06,7,2019,1,9291000,970,0,TBC,weekly,
607,Israel,Israel,0,2019-01-07,2019-01-13,7,2019,2,9291000,1077,0,TBC,weekly,
608,Israel,Israel,0,2019-01-14,2019-01-20,7,2019,3,9291000,1126,0,TBC,weekly,
609,Israel,Israel,0,2019-01-21,2019-01-27,7,2019,4,9291000,1143,0,TBC,weekly,
610,Israel,Israel,0,2019-01-28,2019-02-03,7,2019,5,9291000,1067,0,TBC,weekly,
611,Israel,Israel,0,2019-02-04,2019-02-10,7,2019,6,9291000,1054,0,TBC,weekly,
612,Israel,Israel,0,2019-02-11,2019-02-17,7,2019,7,9291000,973,0,TBC,weekly,
613,Israel,Israel,0,2019-02-18,2019-02-24,7,2019,8,9291000,1033,0,TBC,weekly,
614,Israel,Israel,0,2019-02-25,2019-03-03,7,2019,9,9291000,1011,0,TBC,weekly,
615,Israel,Israel,0,2019-03-04,2019-03-10,7,2019,10,9291000,1003,0,TBC,weekly,
616,Israel,Israel,0,2019-03-11,2019-03-17,7,2019,11,9291000,996,0,TBC,weekly,
617,Israel,Israel,0,2019-03-18,2019-03-24,7,2019,12,9291000,943,0,TBC,weekly,
618,Israel,Israel,0,2019-03-25,2019-03-31,7,2019,13,9291000,925,0,TBC,weekly,
619,Israel,Israel,0,2019-04-01,2019-04-07,7,2019,14,9291000,852,0,TBC,weekly,
620,Israel,Israel,0,2019-04-08,2019-04-14,7,2019,15,9291000,892,0,TBC,weekly,
621,Israel,Israel,0,2019-04-15,2019-04-21,7,2019,16,9291000,880,0,TBC,weekly,
622,Israel,Israel,0,2019-04-22,2019-04-28,7,2019,17,9291000,894,0,TBC,weekly,
623,Israel,Israel,0,2019-04-29,2019-05-05,7,2019,18,9291000,971,0,TBC,weekly,
624,Israel,Israel,0,2019-05-06,2019-05-12,7,2019,19,9291000,847,0,TBC,weekly,
625,Israel,Israel,0,2019-05-13,2019-05-19,7,2019,20,9291000,846,0,TBC,weekly,
626,Israel,Israel,0,2019-05-20,2019-05-26,7,2019,21,9291000,838,0,TBC,weekly,
627,Israel,Israel,0,2019-05-27,2019-06-02,7,2019,22,9291000,829,0,TBC,weekly,
628,Israel,Israel,0,2019-06-03,2019-06-09,7,2019,23,9291000,758,0,TBC,weekly,
629,Israel,Israel,0,2019-06-10,2019-06-16,7,2019,24,9291000,829,0,TBC,weekly,
630,Israel,Israel,0,2019-06-17,2019-06-23,7,2019,25,9291000,771,0,TBC,weekly,
631,Israel,Israel,0,2019-06-24,2019-06-30,7,2019,26,9291000,732,0,TBC,weekly,
632,Israel,Israel,0,2019-07-01,2019-07-07,7,2019,27,9291000,791,0,TBC,weekly,
633,Israel,Israel,0,2019-07-08,2019-07-14,7,2019,28,9291000,719,0,TBC,weekly,
634,Israel,Israel,0,2019-07-15,2019-07-21,7,2019,29,9291000,776,0,TBC,weekly,
635,Israel,Israel,0,2019-07-22,2019-07-28,7,2019,30,9291000,802,0,TBC,weekly,
636,Israel,Israel,0,2019-07-29,2019-08-04,7,2019,31,9291000,779,0,TBC,weekly,
637,Israel,Israel,0,2019-08-05,2019-08-11,7,2019,32,9291000,797,0,TBC,weekly,
638,Israel,Israel,0,2019-08-12,2019-08-18,7,2019,33,9291000,789,0,TBC,weekly,
639,Israel,Israel,0,2019-08-19,2019-08-25,7,2019,34,9291000,751,0,TBC,weekly,
640,Israel,Israel,0,2019-08-26,2019-09-01,7,2019,35,9291000,841,0,TBC,weekly,
641,Israel,Israel,0,2019-09-02,2019-09-08,7,2019,36,9291000,785,0,TBC,weekly,
642,Israel,Israel,0,2019-09-09,2019-09-15,7,2019,37,9291000,798,0,TBC,weekly,
643,Israel,Israel,0,2019-09-16,2019-09-22,7,2019,38,9291000,758,0,TBC,weekly,
644,Israel,Israel,0,2019-09-23,2019-09-29,7,2019,39,9291000,817,0,TBC,weekly,
645,Israel,Israel,0,2019-09-30,2019-10-06,7,2019,40,9291000,798,0,TBC,weekly,
646,Israel,Israel,0,2019-10-07,2019-10-13,7,2019,41,9291000,802,0,TBC,weekly,
647,Israel,Israel,0,2019-10-14,2019-10-20,7,2019,42,9291000,851,0,TBC,weekly,
648,Israel,Israel,0,2019-10-21,2019-10-27,7,2019,43,9291000,810,0,TBC,weekly,
649,Israel,Israel,0,2019-10-28,2019-11-03,7,2019,44,9291000,834,0,TBC,weekly,
650,Israel,Israel,0,2019-11-04,2019-11-10,7,2019,45,9291000,907,0,TBC,weekly,
651,Israel,Israel,0,2019-11-11,2019-11-17,7,2019,46,9291000,857,0,TBC,weekly,
652,Israel,Israel,0,2019-11-18,2019-11-24,7,2019,47,9291000,799,0,TBC,weekly,
653,Israel,Israel,0,2019-11-25,2019-12-01,7,2019,48,9291000,909,0,TBC,weekly,
654,Israel,Israel,0,2019-12-02,2019-12-08,7,2019,49,9291000,876,0,TBC,weekly,
655,Israel,Israel,0,2019-12-09,2019-12-15,7,2019,50,9291000,941,0,TBC,weekly,
656,Israel,Israel,0,2019-12-16,2019-12-22,7,2019,51,9291000,933,0,TBC,weekly,
657,Israel,Israel,0,2019-12-23,2019-12-29,7,2019,52,9291000,1033,0,TBC,weekly,
658,Israel,Israel,0,2019-12-30,2020-01-05,7,2020,1,9291000,1092,0,TBC,weekly,
659,Israel,Israel,0,2020-01-06,2020-01-12,7,2020,2,9291000,1010,0,TBC,weekly,
660,Israel,Israel,0,2020-01-13,2020-01-19,7,2020,3,9291000,1099,0,TBC,weekly,
661,Israel,Israel,0,2020-01-20,2020-01-26,7,2020,4,9291000,1001,0,TBC,weekly,
662,Israel,Israel,0,2020-01-27,2020-02-02,7,2020,5,9291000,991,0,TBC,weekly,
663,Israel,Israel,0,2020-02-03,2020-02-09,7,2020,6,9291000,944,0,TBC,weekly,
664,Israel,Israel,0,2020-02-10,2020-02-16,7,2020,7,9291000,966,0,TBC,weekly,
665,Israel,Israel,0,2020-02-17,2020-02-23,7,2020,8,9291000,991,0,TBC,weekly,
666,Israel,Israel,0,2020-02-24,2020-03-01,7,2020,9,9291000,906,0,TBC,weekly,
667,Israel,Israel,0,2020-03-02,2020-03-08,7,2020,10,9291000,930,0,TBC,weekly,
668,Israel,Israel,0,2020-03-09,2020-03-15,7,2020,11,9291000,965,0,TBC,weekly,
669,Israel,Israel,0,2020-03-16,2020-03-22,7,2020,12,9291000,892,1,TBC,weekly,
670,Israel,Israel,0,2020-03-23,2020-03-29,7,2020,13,9291000,984,15,TBC,weekly,
671,Israel,Israel,0,2020-03-30,2020-04-05,7,2020,14,9291000,1029,40,TBC,weekly,
672,Israel,Israel,0,2020-04-06,2020-04-12,7,2020,15,9291000,880,53,TBC,weekly,
673,Israel,Israel,0,2020-04-13,2020-04-19,7,2020,16,9291000,928,65,TBC,weekly,
674,Israel,Israel,0,2020-04-20,2020-04-26,7,2020,17,9291000,901,30,TBC,weekly,
675,Israel,Israel,0,2020-04-27,2020-05-03,7,2020,18,9291000,831,31,TBC,weekly,
676,Israel,Israel,0,2020-05-04,2020-05-10,7,2020,19,9291000,857,20,TBC,weekly,
677,Israel,Israel,0,2020-05-11,2020-05-17,7,2020,20,9291000,847,20,TBC,weekly,
678,Israel,Israel,0,2020-05-18,2020-05-24,7,2020,21,9291000,961,7,TBC,weekly,
679,Israel,Israel,0,2020-05-25,2020-05-31,7,2020,22,9291000,837,5,TBC,weekly,
680,Israel,Israel,0,2020-06-01,2020-06-07,7,2020,23,9291000,811,13,TBC,weekly,
681,Israel,Israel,0,2020-06-08,2020-06-14,7,2020,24,9291000,785,5,TBC,weekly,
682,Israel,Israel,0,2020-06-15,2020-06-21,7,2020,25,9291000,792,3,TBC,weekly,
683,Israel,Israel,0,2020-06-22,2020-06-28,7,2020,26,9291000,779,18,TBC,weekly,
684,Israel,Israel,0,2020-06-29,2020-07-05,7,2020,27,9291000,780,15,TBC,weekly,
685,Israel,Israel,0,2020-07-06,2020-07-12,7,2020,28,9291000,838,39,TBC,weekly,
686,Israel,Israel,0,2020-07-13,2020-07-19,7,2020,29,9291000,836,56,TBC,weekly,
687,Israel,Israel,0,2020-07-20,2020-07-26,7,2020,30,9291000,817,69,TBC,weekly,
688,Israel,Israel,0,2020-07-27,2020-08-02,7,2020,31,9291000,938,84,TBC,weekly,
689,Israel,Israel,0,2020-08-03,2020-08-09,7,2020,32,9291000,858,77,TBC,weekly,
690,Israel,Israel,0,2020-08-10,2020-08-16,7,2020,33,9291000,944,98,TBC,weekly,
691,Israel,Israel,0,2020-08-17,2020-08-23,7,2020,34,9291000,913,78,TBC,weekly,
692,Israel,Israel,0,2020-08-24,2020-08-30,7,2020,35,9291000,899,88,TBC,weekly,
693,Israel,Israel,0,2020-08-31,2020-09-06,7,2020,36,9291000,897,107,TBC,weekly,
694,Israel,Israel,0,2020-09-07,2020-09-13,7,2020,37,9291000,963,118,TBC,weekly,
695,Israel,Israel,0,2020-09-14,2020-09-20,7,2020,38,9291000,1005,148,TBC,weekly,
696,Israel,Israel,0,2020-09-21,2020-09-27,7,2020,39,9291000,1026,200,TBC,weekly,
697,Israel,Israel,0,2020-09-28,2020-10-04,7,2020,40,9291000,1011,245,TBC,weekly,
698,Israel,Israel,0,2020-10-05,2020-10-11,7,2020,41,9291000,1114,266,TBC,weekly,
699,Israel,Israel,0,2020-10-12,2020-10-18,7,2020,42,9291000,1080,233,TBC,weekly,
700,Israel,Israel,0,2020-10-19,2020-10-25,7,2020,43,9291000,1047,193,TBC,weekly,
701,Israel,Israel,0,2020-10-26,2020-11-01,7,2020,44,9291000,933,140,TBC,weekly,
702,Israel,Israel,0,2020-11-02,2020-11-08,7,2020,45,9291000,907,103,TBC,weekly,
703,Israel,Israel,0,2020-11-09,2020-11-15,7,2020,46,9291000,815,61,TBC,weekly,
704,Israel,Israel,0,2020-11-16,2020-11-22,7,2020,47,9291000,930,69,TBC,weekly,
705,Israel,Israel,0,2020-11-23,2020-11-29,7,2020,48,9291000,930,51,TBC,weekly,
706,Israel,Israel,0,2020-11-30,2020-12-06,7,2020,49,9291000,928,53,TBC,weekly,
707,Israel,Israel,0,2020-12-07,2020-12-13,7,2020,50,9291000,967,82,TBC,weekly,
708,Israel,Israel,0,2020-12-14,2020-12-20,7,2020,51,9291000,1007,100,TBC,weekly,
709,Israel,Israel,0,2020-12-21,2020-12-27,7,2020,52,9291000,1016,127,TBC,weekly,
710,Israel,Israel,0,2020-12-28,2021-01-03,7,2020,53,9291000,1138,190,TBC,weekly,
711,Israel,Israel,0,2021-01-04,2021-01-10,7,2021,1,9291000,1211,255,TBC,weekly,
712,Israel,Israel,0,2021-01-11,2021-01-17,7,2021,2,9291000,1263,334,TBC,weekly,
713,Israel,Israel,0,2021-01-18,2021-01-24,7,2021,3,9291000,1278,414,TBC,weekly,
714,Israel,Israel,0,2021-01-25,2021-01-31,7,2021,4,9291000,1297,377,TBC,weekly,
715,Israel,Israel,0,2021-02-01,2021-02-07,7,2021,5,9291000,1252,325,TBC,weekly,
716,Israel,Israel,0,2021-02-08,2021-02-14,7,2021,6,9291000,1183,267,TBC,weekly,
717,Israel,Israel,0,2021-02-15,2021-02-21,7,2021,7,9291000,1089,189,TBC,weekly,
718,Israel,Israel,0,2021-02-22,2021-02-28,7,2021,8,9291000,1011,175,TBC,weekly,
719,Israel,Israel,0,2021-03-01,2021-03-07,7,2021,9,9291000,986,139,TBC,weekly,
720,Israel,Israel,0,2021-03-08,2021-03-14,7,2021,10,9291000,1042,120,TBC,weekly,
721,Israel,Israel,0,2021-03-15,2021-03-21,7,2021,11,9291000,1062,81,TBC,weekly,
722,Israel,Israel,0,2021-03-22,2021-03-28,7,2021,12,9291000,998,93,TBC,weekly,
723,Israel,Israel,0,2021-03-29,2021-04-04,7,2021,13,9291000,922,62,TBC,weekly,
724,Israel,Israel,0,2021-04-05,2021-04-11,7,2021,14,9291000,1009,53,TBC,weekly,
725,Israel,Israel,0,2021-04-12,2021-04-18,7,2021,15,9291000,928,39,TBC,weekly,
726,Israel,Israel,0,2021-04-19,2021-04-25,7,2021,16,9291000,876,17,TBC,weekly,
727,Israel,Israel,0,2021-04-26,2021-05-02,7,2021,17,9291000,895,14,TBC,weekly,
728,Israel,Israel,0,2021-05-03,2021-05-09,7,2021,18,9291000,860,11,TBC,weekly,
729,Israel,Israel,0,2021-05-10,2021-05-16,7,2021,19,9291000,908,5,TBC,weekly,
730,Israel,Israel,0,2021-05-17,2021-05-23,7,2021,20,9291000,879,22,TBC,weekly,
731,Israel,Israel,0,2021-05-24,2021-05-30,7,2021,21,9291000,839,7,TBC,weekly,
732,Israel,Israel,0,2021-05-31,2021-06-06,7,2021,22,9291000,798,7,TBC,weekly,
733,Israel,Israel,0,2021-06-07,2021-06-13,7,2021,23,9291000,785,12,TBC,weekly,
734,Israel,Israel,0,2021-06-14,2021-06-20,7,2021,24,9291000,807,0,TBC,weekly,
735,Israel,Israel,0,2021-06-21,2021-06-27,7,2021,25,9291000,867,2,TBC,weekly,
736,Israel,Israel,0,2021-06-28,2021-07-04,7,2021,26,9291000,840,0,TBC,weekly,
737,Israel,Israel,0,2021-07-05,2021-07-11,7,2021,27,9291000,837,10,TBC,weekly,
738,Israel,Israel,0,2021-07-12,2021-07-18,7,2021,28,9291000,750,11,TBC,weekly,
739,Israel,Israel,0,2021-07-19,2021-07-25,7,2021,29,9291000,901,11,TBC,weekly,
740,Israel,Israel,0,2021-07-26,2021-08-01,7,2021,30,9291000,890,17,TBC,weekly,
741,Israel,Israel,0,2021-08-02,2021-08-08,7,2021,31,9291000,947,65,TBC,weekly,
742,Israel,Israel,0,2021-08-09,2021-08-15,7,2021,32,9291000,1021,126,TBC,weekly,
743,Israel,Israel,0,2021-08-16,2021-08-22,7,2021,33,9291000,1044,162,TBC,weekly,
744,Israel,Israel,0,2021-08-23,2021-08-29,7,2021,34,9291000,1046,159,TBC,weekly,
745,Israel,Israel,0,2021-08-30,2021-09-05,7,2021,35,9291000,1084,216,TBC,weekly,
746,Israel,Israel,0,2021-09-06,2021-09-12,7,2021,36,9291000,990,178,TBC,weekly,
747,Israel,Israel,0,2021-09-13,2021-09-19,7,2021,37,9291000,1033,158,TBC,weekly,
748,Israel,Israel,0,2021-09-20,2021-09-26,7,2021,38,9291000,955,134,TBC,weekly,
749,Israel,Israel,0,2021-09-27,2021-10-03,7,2021,39,9291000,960,146,TBC,weekly,
750,Israel,Israel,0,2021-10-04,2021-10-10,7,2021,40,9291000,961,99,TBC,weekly,
751,Israel,Israel,0,2021-10-11,2021-10-17,7,2021,41,9291000,921,79,TBC,weekly,
752,Israel,Israel,0,2021-10-18,2021-10-24,7,2021,42,9291000,976,50,TBC,weekly,
753,Israel,Israel,0,2021-10-25,2021-10-31,7,2021,43,9291000,884,51,TBC,weekly,
754,Israel,Israel,0,2021-11-01,2021-11-07,7,2021,44,9291000,908,22,TBC,weekly,
755,Israel,Israel,0,2021-11-08,2021-11-14,7,2021,45,9291000,946,21,TBC,weekly,
756,Israel,Israel,0,2021-11-15,2021-11-21,7,2021,46,9291000,859,33,TBC,weekly,
757,Israel,Israel,0,2021-11-22,2021-11-28,7,2021,47,9291000,841,13,TBC,weekly,
758,Israel,Israel,0,2021-11-29,2021-12-05,7,2021,48,9291000,894,15,TBC,weekly,
759,Israel,Israel,0,2021-12-06,2021-12-12,7,2021,49,9291000,968,12,TBC,weekly,
760,Israel,Israel,0,2021-12-13,2021-12-19,7,2021,50,9291000,1023,16,TBC,weekly,
761,Israel,Israel,0,2021-12-20,2021-12-26,7,2021,51,9291000,1006,10,TBC,weekly,
762,Israel,Israel,0,2021-12-27,2022-01-02,7,2021,52,9291000,1103,2,TBC,weekly,
763,Israel,Israel,0,2022-01-03,2022-01-09,7,2022,1,9291000,1069,25,TBC,weekly,
764,Israel,Israel,0,2022-01-10,2022-01-16,7,2022,2,9291000,1212,49,TBC,weekly,
765,Israel,Israel,0,2022-01-17,2022-01-23,7,2022,3,9291000,1392,75,TBC,weekly,
766,Israel,Israel,0,2022-01-24,2022-01-30,7,2022,4,9291000,1489,332,TBC,weekly,
767,Israel,Israel,0,2022-01-31,2022-02-06,7,2022,5,9291000,1565,455,TBC,weekly,
768,Israel,Israel,0,2022-02-07,2022-02-13,7,2022,6,9291000,1456,364,TBC,weekly,
769,Israel,Israel,0,2022-02-14,2022-02-20,7,2022,7,9291000,1287,427,TBC,weekly,
770,Israel,Israel,0,2022-02-21,2022-02-27,7,2022,8,9291000,1195,183,TBC,weekly,
771,Israel,Israel,0,2022-02-28,2022-03-06,7,2022,9,9291000,1102,128,TBC,weekly,
772,Israel,Israel,0,2022-03-07,2022-03-13,7,2022,10,9291000,1017,97,TBC,weekly,
773,Israel,Israel,0,2022-03-14,2022-03-20,7,2022,11,9291000,1029,52,TBC,weekly,
774,Israel,Israel,0,2022-03-21,2022-03-27,7,2022,12,9291000,1016,54,TBC,weekly,
775,Israel,Israel,0,2022-03-28,2022-04-03,7,2022,13,9291000,1134,45,TBC,weekly,
776,Israel,Israel,0,2022-04-04,2022-04-10,7,2022,14,9291000,1058,54,TBC,weekly,
777,Israel,Israel,0,2022-04-11,2022-04-17,7,2022,15,9291000,891,46,TBC,weekly,
778,Israel,Israel,0,2022-04-18,2022-04-24,7,2022,16,9291000,921,40,TBC,weekly,
779,Israel,Israel,0,2022-04-25,2022-05-01,7,2022,17,9291000,924,28,TBC,weekly,
780,Israel,Israel,0,2022-05-02,2022-05-08,7,2022,18,9291000,934,44,TBC,weekly,
781,Israel,Israel,0,2022-05-09,2022-05-15,7,2022,19,9291000,867,60,TBC,weekly,
782,Israel,Israel,0,2022-05-16,2022-05-22,7,2022,20,9291000,842,32,TBC,weekly,
783,Israel,Israel,0,2022-05-23,2022-05-29,7,2022,21,9291000,881,7,TBC,weekly,
784,Israel,Israel,0,2022-05-30,2022-06-05,7,2022,22,9291000,841,25,TBC,weekly,
785,Israel,Israel,0,2022-06-06,2022-06-12,7,2022,23,9291000,865,18,TBC,weekly,
786,Israel,Israel,0,2022-06-13,2022-06-19,7,2022,24,9291000,863,22,TBC,weekly,
787,Israel,Israel,0,2022-06-20,2022-06-26,7,2022,25,9291000,834,36,TBC,weekly,
788,Israel,Israel,0,2022-06-27,2022-07-03,7,2022,26,9291000,920,38,TBC,weekly,
789,Israel,Israel,0,2022-07-04,2022-07-10,7,2022,27,9291000,957,91,TBC,weekly,
790,Israel,Israel,0,2022-07-11,2022-07-17,7,2022,28,9291000,921,100,TBC,weekly,
791,Israel,Israel,0,2022-07-18,2022-07-24,7,2022,29,9291000,934,123,TBC,weekly,
792,Israel,Israel,0,2022-07-25,2022-07-31,7,2022,30,9291000,977,86,TBC,weekly,
793,Israel,Israel,0,2022-08-01,2022-08-07,7,2022,31,9291000,893,59,TBC,weekly,
794,Israel,Israel,0,2022-08-08,2022-08-14,7,2022,32,9291000,908,65,TBC,weekly,
795,Israel,Israel,0,2022-08-15,2022-08-21,7,2022,33,9291000,855,24,TBC,weekly,
796,Israel,Israel,0,2022-08-22,2022-08-28,7,2022,34,9291000,864,66,TBC,weekly,
797,Malaysia,Malaysia,0,2015-01-01,2015-01-31,31,2015,,33573874,14073,0,TBC,monthly,1
798,Malaysia,Malaysia,0,2015-02-01,2015-02-28,28,2015,,33573874,12247,0,TBC,monthly,2
799,Malaysia,Malaysia,0,2015-03-01,2015-03-31,31,2015,,33573874,13397,0,TBC,monthly,3
800,Malaysia,Malaysia,0,2015-04-01,2015-04-30,30,2015,,33573874,12310,0,TBC,monthly,4
801,Malaysia,Malaysia,0,2015-05-01,2015-05-31,31,2015,,33573874,13152,0,TBC,monthly,5
802,Malaysia,Malaysia,0,2015-06-01,2015-06-30,30,2015,,33573874,12824,0,TBC,monthly,6
803,Malaysia,Malaysia,0,2015-07-01,2015-07-31,31,2015,,33573874,13497,0,TBC,monthly,7
804,Malaysia,Malaysia,0,2015-08-01,2015-08-31,31,2015,,33573874,13312,0,TBC,monthly,8
805,Malaysia,Malaysia,0,2015-09-01,2015-09-30,30,2015,,33573874,12299,0,TBC,monthly,9
806,Malaysia,Malaysia,0,2015-10-01,2015-10-31,31,2015,,33573874,12969,0,TBC,monthly,10
807,Malaysia,Malaysia,0,2015-11-01,2015-11-30,30,2015,,33573874,12529,0,TBC,monthly,11
808,Malaysia,Malaysia,0,2015-12-01,2015-12-31,31,2015,,33573874,13177,0,TBC,monthly,12
809,Malaysia,Malaysia,0,2016-01-01,2016-01-31,31,2016,,33573874,13281,0,TBC,monthly,1
810,Malaysia,Malaysia,0,2016-02-01,2016-02-29,29,2016,,33573874,12885,0,TBC,monthly,2
811,Malaysia,Malaysia,0,2016-03-01,2016-03-31,31,2016,,33573874,14660,0,TBC,monthly,3
812,Malaysia,Malaysia,0,2016-04-01,2016-04-30,30,2016,,33573874,13861,0,TBC,monthly,4
813,Malaysia,Malaysia,0,2016-05-01,2016-05-31,31,2016,,33573874,13658,0,TBC,monthly,5
814,Malaysia,Malaysia,0,2016-06-01,2016-06-30,30,2016,,33573874,13038,0,TBC,monthly,6
815,Malaysia,Malaysia,0,2016-07-01,2016-07-31,31,2016,,33573874,13982,0,TBC,monthly,7
816,Malaysia,Malaysia,0,2016-08-01,2016-08-31,31,2016,,33573874,13906,0,TBC,monthly,8
817,Malaysia,Malaysia,0,2016-09-01,2016-09-30,30,2016,,33573874,13026,0,TBC,monthly,9
818,Malaysia,Malaysia,0,2016-10-01,2016-10-31,31,2016,,33573874,13083,0,TBC,monthly,10
819,Malaysia,Malaysia,0,2016-11-01,2016-11-30,30,2016,,33573874,13050,0,TBC,monthly,11
820,Malaysia,Malaysia,0,2016-12-01,2016-12-31,31,2016,,33573874,13771,0,TBC,monthly,12
821,Malaysia,Malaysia,0,2017-01-01,2017-01-31,31,2017,,33573874,14333,0,TBC,monthly,1
822,Malaysia,Malaysia,0,2017-02-01,2017-02-28,28,2017,,33573874,13412,0,TBC,monthly,2
823,Malaysia,Malaysia,0,2017-03-01,2017-03-31,31,2017,,33573874,14458,0,TBC,monthly,3
824,Malaysia,Malaysia,0,2017-04-01,2017-04-30,30,2017,,33573874,13718,0,TBC,monthly,4
825,Malaysia,Malaysia,0,2017-05-01,2017-05-31,31,2017,,33573874,14633,0,TBC,monthly,5
826,Malaysia,Malaysia,0,2017-06-01,2017-06-30,30,2017,,33573874,13995,0,TBC,monthly,6
827,Malaysia,Malaysia,0,2017-07-01,2017-07-31,31,2017,,33573874,14613,0,TBC,monthly,7
828,Malaysia,Malaysia,0,2017-08-01,2017-08-31,31,2017,,33573874,13576,0,TBC,monthly,8
829,Malaysia,Malaysia,0,2017-09-01,2017-09-30,30,2017,,33573874,13295,0,TBC,monthly,9
830,Malaysia,Malaysia,0,2017-10-01,2017-10-31,31,2017,,33573874,14229,0,TBC,monthly,10
831,Malaysia,Malaysia,0,2017-11-01,2017-11-30,30,2017,,33573874,13303,0,TBC,monthly,11
832,Malaysia,Malaysia,0,2017-12-01,2017-12-31,31,2017,,33573874,14603,0,TBC,monthly,12
833,Malaysia,Malaysia,0,2018-01-01,2018-01-31,31,2018,,33573874,14960,0,TBC,monthly,1
834,Malaysia,Malaysia,0,2018-02-01,2018-02-28,28,2018,,33573874,13996,0,TBC,monthly,2
835,Malaysia,Malaysia,0,2018-03-01,2018-03-31,31,2018,,33573874,14985,0,TBC,monthly,3
836,Malaysia,Malaysia,0,2018-04-01,2018-04-30,30,2018,,33573874,14224,0,TBC,monthly,4
837,Malaysia,Malaysia,0,2018-05-01,2018-05-31,31,2018,,33573874,14413,0,TBC,monthly,5
838,Malaysia,Malaysia,0,2018-06-01,2018-06-30,30,2018,,33573874,14033,0,TBC,monthly,6
839,Malaysia,Malaysia,0,2018-07-01,2018-07-31,31,2018,,33573874,14461,0,TBC,monthly,7
840,Malaysia,Malaysia,0,2018-08-01,2018-08-31,31,2018,,33573874,14278,0,TBC,monthly,8
841,Malaysia,Malaysia,0,2018-09-01,2018-09-30,30,2018,,33573874,13417,0,TBC,monthly,9
842,Malaysia,Malaysia,0,2018-10-01,2018-10-31,31,2018,,33573874,13823,0,TBC,monthly,10
843,Malaysia,Malaysia,0,2018-11-01,2018-11-30,30,2018,,33573874,14144,0,TBC,monthly,11
844,Malaysia,Malaysia,0,2018-12-01,2018-12-31,31,2018,,33573874,15297,0,TBC,monthly,12
845,Malaysia,Malaysia,0,2019-01-01,2019-01-31,31,2019,,33573874,14872,0,TBC,monthly,1
846,Malaysia,Malaysia,0,2019-02-01,2019-02-28,28,2019,,33573874,13399,0,TBC,monthly,2
847,Malaysia,Malaysia,0,2019-03-01,2019-03-31,31,2019,,33573874,14750,0,TBC,monthly,3
848,Malaysia,Malaysia,0,2019-04-01,2019-04-30,30,2019,,33573874,14128,0,TBC,monthly,4
849,Malaysia,Malaysia,0,2019-05-01,2019-05-31,31,2019,,33573874,14540,0,TBC,monthly,5
850,Malaysia,Malaysia,0,2019-06-01,2019-06-30,30,2019,,33573874,14734,0,TBC,monthly,6
851,Malaysia,Malaysia,0,2019-07-01,2019-07-31,31,2019,,33573874,14850,0,TBC,monthly,7
852,Malaysia,Malaysia,0,2019-08-01,2019-08-31,31,2019,,33573874,14328,0,TBC,monthly,8
853,Malaysia,Malaysia,0,2019-09-01,2019-09-30,30,2019,,33573874,13579,0,TBC,monthly,9
854,Malaysia,Malaysia,0,2019-10-01,2019-10-31,31,2019,,33573874,14282,0,TBC,monthly,10
855,Malaysia,Malaysia,0,2019-11-01,2019-11-30,30,2019,,33573874,14685,0,TBC,monthly,11
856,Malaysia,Malaysia,0,2019-12-01,2019-12-31,31,2019,,33573874,15599,0,TBC,monthly,12
857,Malaysia,Malaysia,0,2020-01-01,2020-01-31,31,2020,,33573874,16028,0,TBC,monthly,1
858,Malaysia,Malaysia,0,2020-02-01,2020-02-29,29,2020,,33573874,13827,0,TBC,monthly,2
859,Malaysia,Malaysia,0,2020-03-01,2020-03-31,31,2020,,33573874,14676,48,TBC,monthly,3
860,Malaysia,Malaysia,0,2020-04-01,2020-04-30,30,2020,,33573874,13038,55,TBC,monthly,4
861,Malaysia,Malaysia,0,2020-05-01,2020-05-31,31,2020,,33573874,13886,12,TBC,monthly,5
862,Malaysia,Malaysia,0,2020-06-01,2020-06-30,30,2020,,33573874,13317,6,TBC,monthly,6
863,Malaysia,Malaysia,0,2020-07-01,2020-07-31,31,2020,,33573874,13659,4,TBC,monthly,7
864,Malaysia,Malaysia,0,2020-08-01,2020-08-31,31,2020,,33573874,13950,2,TBC,monthly,8
865,Malaysia,Malaysia,0,2020-09-01,2020-09-30,30,2020,,33573874,13249,9,TBC,monthly,9
866,Malaysia,Malaysia,0,2020-10-01,2020-10-31,31,2020,,33573874,13951,127,TBC,monthly,10
867,Malaysia,Malaysia,0,2020-11-01,2020-11-30,30,2020,,33573874,12885,97,TBC,monthly,11
868,Malaysia,Malaysia,0,2020-12-01,2020-12-31,31,2020,,33573874,14201,111,TBC,monthly,12
869,Malaysia,Malaysia,0,2021-01-01,2021-01-31,31,2021,,33573874,16105,289,TBC,monthly,1
870,Malaysia,Malaysia,0,2021-02-01,2021-02-28,28,2021,,33573874,14282,375,TBC,monthly,2
871,Malaysia,Malaysia,0,2021-03-01,2021-03-31,31,2021,,33573874,15350,137,TBC,monthly,3
872,Malaysia,Malaysia,0,2021-04-01,2021-04-30,30,2021,,33573874,14817,234,TBC,monthly,4
873,Malaysia,Malaysia,0,2021-05-01,2021-05-31,31,2021,,33573874,17979,1290,TBC,monthly,5
874,Malaysia,Malaysia,0,2021-06-01,2021-06-30,30,2021,,33573874,17434,2374,TBC,monthly,6
875,Malaysia,Malaysia,0,2021-07-01,2021-07-31,31,2021,,33573874,22489,3854,TBC,monthly,7
876,Malaysia,Malaysia,0,2021-08-01,2021-08-31,31,2021,,33573874,23958,7640,TBC,monthly,8
877,Malaysia,Malaysia,0,2021-09-01,2021-09-30,30,2021,,33573874,19137,9671,TBC,monthly,9
878,Malaysia,Malaysia,0,2021-10-01,2021-10-31,31,2021,,33573874,19189,2577,TBC,monthly,10
879,Malaysia,Malaysia,0,2021-11-01,2021-11-30,30,2021,,33573874,17019,1513,TBC,monthly,11
880,Malaysia,Malaysia,0,2021-12-01,2021-12-31,31,2021,,33573874,17540,1062,TBC,monthly,12
881,Malaysia,Malaysia,0,2022-01-01,2022-01-31,31,2022,,33573874,16465,491,TBC,monthly,1
882,Malaysia,Malaysia,0,2022-02-01,2022-02-28,28,2022,,33573874,15603,771,TBC,monthly,2
883,Malaysia,Malaysia,0,2022-03-01,2022-03-31,31,2022,,33573874,21173,2234,TBC,monthly,3
884,Malaysia,Malaysia,0,2022-04-01,2022-04-30,30,2022,,33573874,16176,564,TBC,monthly,4
885,Malaysia,Malaysia,0,2022-05-01,2022-05-31,31,2022,,33573874,16558,129,TBC,monthly,5
886,Malaysia,Malaysia,0,2022-06-01,2022-06-30,30,2022,,33573874,14038,89,TBC,monthly,6
887,Uruguay,Uruguay,0,2015-01-01,2015-01-31,31,2015,,3426260,2514,0,TBC,monthly,1
888,Uruguay,Uruguay,0,2015-02-01,2015-02-28,28,2015,,3426260,2219,0,TBC,monthly,2
889,Uruguay,Uruguay,0,2015-03-01,2015-03-31,31,2015,,3426260,2474,0,TBC,monthly,3
890,Uruguay,Uruguay,0,2015-04-01,2015-04-30,30,2015,,3426260,2485,0,TBC,monthly,4
891,Uruguay,Uruguay,0,2015-05-01,2015-05-31,31,2015,,3426260,2736,0,TBC,monthly,5
892,Uruguay,Uruguay,0,2015-06-01,2015-06-30,30,2015,,3426260,2948,0,TBC,monthly,6
893,Uruguay,Uruguay,0,2015-07-01,2015-07-31,31,2015,,3426260,3545,0,TBC,monthly,7
894,Uruguay,Uruguay,0,2015-08-01,2015-08-31,31,2015,,3426260,3100,0,TBC,monthly,8
895,Uruguay,Uruguay,0,2015-09-01,2015-09-30,30,2015,,3426260,2940,0,TBC,monthly,9
896,Uruguay,Uruguay,0,2015-10-01,2015-10-31,31,2015,,3426260,2804,0,TBC,monthly,10
897,Uruguay,Uruguay,0,2015-11-01,2015-11-30,30,2015,,3426260,2544,0,TBC,monthly,11
898,Uruguay,Uruguay,0,2015-12-01,2015-12-31,31,2015,,3426260,2658,0,TBC,monthly,12
899,Uruguay,Uruguay,0,2016-01-01,2016-01-31,31,2016,,3426260,2576,0,TBC,monthly,1
900,Uruguay,Uruguay,0,2016-02-01,2016-02-29,29,2016,,3426260,2403,0,TBC,monthly,2
901,Uruguay,Uruguay,0,2016-03-01,2016-03-31,31,2016,,3426260,2558,0,TBC,monthly,3
902,Uruguay,Uruguay,0,2016-04-01,2016-04-30,30,2016,,3426260,2444,0,TBC,monthly,4
903,Uruguay,Uruguay,0,2016-05-01,2016-05-31,31,2016,,3426260,3351,0,TBC,monthly,5
904,Uruguay,Uruguay,0,2016-06-01,2016-06-30,30,2016,,3426260,3577,0,TBC,monthly,6
905,Uruguay,Uruguay,0,2016-07-01,2016-07-31,31,2016,,3426260,3358,0,TBC,monthly,7
906,Uruguay,Uruguay,0,2016-08-01,2016-08-31,31,2016,,3426260,3187,0,TBC,monthly,8
907,Uruguay,Uruguay,0,2016-09-01,2016-09-30,30,2016,,3426260,2956,0,TBC,monthly,9
908,Uruguay,Uruguay,0,2016-10-01,2016-10-31,31,2016,,3426260,2702,0,TBC,monthly,10
909,Uruguay,Uruguay,0,2016-11-01,2016-11-30,30,2016,,3426260,2555,0,TBC,monthly,11
910,Uruguay,Uruguay,0,2016-12-01,2016-12-31,31,2016,,3426260,2606,0,TBC,monthly,12
911,Uruguay,Uruguay,0,2017-01-01,2017-01-31,31,2017,,3426260,2565,0,TBC,monthly,1
912,Uruguay,Uruguay,0,2017-02-01,2017-02-28,28,2017,,3426260,2265,0,TBC,monthly,2
913,Uruguay,Uruguay,0,2017-03-01,2017-03-31,31,2017,,3426260,2624,0,TBC,monthly,3
914,Uruguay,Uruguay,0,2017-04-01,2017-04-30,30,2017,,3426260,2507,0,TBC,monthly,4
915,Uruguay,Uruguay,0,2017-05-01,2017-05-31,31,2017,,3426260,2732,0,TBC,monthly,5
916,Uruguay,Uruguay,0,2017-06-01,2017-06-30,30,2017,,3426260,3403,0,TBC,monthly,6
917,Uruguay,Uruguay,0,2017-07-01,2017-07-31,31,2017,,3426260,3415,0,TBC,monthly,7
918,Uruguay,Uruguay,0,2017-08-01,2017-08-31,31,2017,,3426260,3048,0,TBC,monthly,8
919,Uruguay,Uruguay,0,2017-09-01,2017-09-30,30,2017,,3426260,2833,0,TBC,monthly,9
920,Uruguay,Uruguay,0,2017-10-01,2017-10-31,31,2017,,3426260,2678,0,TBC,monthly,10
921,Uruguay,Uruguay,0,2017-11-01,2017-11-30,30,2017,,3426260,2458,0,TBC,monthly,11
922,Uruguay,Uruguay,0,2017-12-01,2017-12-31,31,2017,,3426260,2645,0,TBC,monthly,12
923,Uruguay,Uruguay,0,2018-01-01,2018-01-31,31,2018,,3426260,2525,0,TBC,monthly,1
924,Uruguay,Uruguay,0,2018-02-01,2018-02-28,28,2018,,3426260,2231,0,TBC,monthly,2
925,Uruguay,Uruguay,0,2018-03-01,2018-03-31,31,2018,,3426260,2518,0,TBC,monthly,3
926,Uruguay,Uruguay,0,2018-04-01,2018-04-30,30,2018,,3426260,2458,0,TBC,monthly,4
927,Uruguay,Uruguay,0,2018-05-01,2018-05-31,31,2018,,3426260,2746,0,TBC,monthly,5
928,Uruguay,Uruguay,0,2018-06-01,2018-06-30,30,2018,,3426260,3210,0,TBC,monthly,6
929,Uruguay,Uruguay,0,2018-07-01,2018-07-31,31,2018,,3426260,3392,0,TBC,monthly,7
930,Uruguay,Uruguay,0,2018-08-01,2018-08-31,31,2018,,3426260,3721,0,TBC,monthly,8
931,Uruguay,Uruguay,0,2018-09-01,2018-09-30,30,2018,,3426260,3282,0,TBC,monthly,9
932,Uruguay,Uruguay,0,2018-10-01,2018-10-31,31,2018,,3426260,2885,0,TBC,monthly,10
933,Uruguay,Uruguay,0,2018-11-01,2018-11-30,30,2018,,3426260,2652,0,TBC,monthly,11
934,Uruguay,Uruguay,0,2018-12-01,2018-12-31,31,2018,,3426260,2508,0,TBC,monthly,12
935,Uruguay,Uruguay,0,2019-01-01,2019-01-31,31,2019,,3426260,2720,0,TBC,monthly,1
936,Uruguay,Uruguay,0,2019-02-01,2019-02-28,28,2019,,3426260,2318,0,TBC,monthly,2
937,Uruguay,Uruguay,0,2019-03-01,2019-03-31,31,2019,,3426260,2641,0,TBC,monthly,3
938,Uruguay,Uruguay,0,2019-04-01,2019-04-30,30,2019,,3426260,2580,0,TBC,monthly,4
939,Uruguay,Uruguay,0,2019-05-01,2019-05-31,31,2019,,3426260,2904,0,TBC,monthly,5
940,Uruguay,Uruguay,0,2019-06-01,2019-06-30,30,2019,,3426260,3005,0,TBC,monthly,6
941,Uruguay,Uruguay,0,2019-07-01,2019-07-31,31,2019,,3426260,3720,0,TBC,monthly,7
942,Uruguay,Uruguay,0,2019-08-01,2019-08-31,31,2019,,3426260,3515,0,TBC,monthly,8
943,Uruguay,Uruguay,0,2019-09-01,2019-09-30,30,2019,,3426260,3206,0,TBC,monthly,9
944,Uruguay,Uruguay,0,2019-10-01,2019-10-31,31,2019,,3426260,2916,0,TBC,monthly,10
945,Uruguay,Uruguay,0,2019-11-01,2019-11-30,30,2019,,3426260,2659,0,TBC,monthly,11
946,Uruguay,Uruguay,0,2019-12-01,2019-12-31,31,2019,,3426260,2623,0,TBC,monthly,12
947,Uruguay,Uruguay,0,2020-01-01,2020-01-31,31,2020,,3426260,2546,0,TBC,monthly,1
948,Uruguay,Uruguay,0,2020-02-01,2020-02-29,29,2020,,3426260,2427,0,TBC,monthly,2
949,Uruguay,Uruguay,0,2020-03-01,2020-03-31,31,2020,,3426260,2601,1,TBC,monthly,3
950,Uruguay,Uruguay,0,2020-04-01,2020-04-30,30,2020,,3426260,2511,16,TBC,monthly,4
951,Uruguay,Uruguay,0,2020-05-01,2020-05-31,31,2020,,3426260,2718,5,TBC,monthly,5
952,Uruguay,Uruguay,0,2020-06-01,2020-06-30,30,2020,,3426260,2707,5,TBC,monthly,6
953,Uruguay,Uruguay,0,2020-07-01,2020-07-31,31,2020,,3426260,3162,8,TBC,monthly,7
954,Uruguay,Uruguay,0,2020-08-01,2020-08-31,31,2020,,3426260,2952,9,TBC,monthly,8
955,Uruguay,Uruguay,0,2020-09-01,2020-09-30,30,2020,,3426260,2866,4,TBC,monthly,9
956,Uruguay,Uruguay,0,2020-10-01,2020-10-31,31,2020,,3426260,2721,10,TBC,monthly,10
957,Uruguay,Uruguay,0,2020-11-01,2020-11-30,30,2020,,3426260,2568,19,TBC,monthly,11
958,Uruguay,Uruguay,0,2020-12-01,2020-12-31,31,2020,,3426260,2859,104,TBC,monthly,12
959,Uruguay,Uruguay,0,2021-01-01,2021-01-31,31,2021,,3426260,3140,255,TBC,monthly,1
960,Uruguay,Uruguay,0,2021-02-01,2021-02-28,28,2021,,3426260,1877,172,TBC,monthly,2
961,Uruguay,Uruguay,0,2021-03-01,2021-03-31,31,2021,,3426260,3115,366,TBC,monthly,3
962,Uruguay,Uruguay,0,2021-04-01,2021-04-30,30,2021,,3426260,4467,1642,TBC,monthly,4
963,Uruguay,Uruguay,0,2021-05-01,2021-05-31,31,2021,,3426260,4808,1660,TBC,monthly,5
964,Uruguay,Uruguay,0,2021-06-01,2021-06-30,30,2021,,3426260,4437,1317,TBC,monthly,6
965,Uruguay,Uruguay,0,2021-07-01,2021-07-31,31,2021,,3426260,3702,371,TBC,monthly,7
966,Uruguay,Uruguay,0,2021-08-01,2021-08-31,31,2021,,3426260,3372,68,TBC,monthly,8
967,Uruguay,Uruguay,0,2021-09-01,2021-09-30,30,2021,,3426260,3068,23,TBC,monthly,9
968,Uruguay,Uruguay,0,2021-10-01,2021-10-31,31,2021,,3426260,2766,23,TBC,monthly,10
969,Uruguay,Uruguay,0,2021-11-01,2021-11-30,30,2021,,3426260,2804,53,TBC,monthly,11
970,Uruguay,Uruguay,0,2021-12-01,2021-12-31,31,2021,,3426260,3043,39,TBC,monthly,12
971,Uruguay,Uruguay,0,2022-01-01,2022-01-31,31,2022,,3426260,3765,309,TBC,monthly,1
972,Uruguay,Uruguay,0,2022-02-01,2022-02-28,28,2022,,3426260,3630,506,TBC,monthly,2
973,Uruguay,Uruguay,0,2022-03-01,2022-03-31,31,2022,,3426260,3023,174,TBC,monthly,3
974,Uruguay,Uruguay,0,2022-04-01,2022-04-30,30,2022,,3426260,2908,44,TBC,monthly,4
975,Uruguay,Uruguay,0,2022-05-01,2022-05-31,31,2022,,3426260,3301,35,TBC,monthly,5
976,Uruguay,Uruguay,0,2022-06-01,2022-06-30,30,2022,,3426260,3948,93,TBC,monthly,6
977,Uruguay,Uruguay,0,2022-07-01,2022-07-31,31,2022,,3426260,3774,72,TBC,monthly,7
978,Greenland,Greenland,0,2015-01-01,2015-01-31,31,2015,,56243,44,0,TBC,monthly,1
979,Greenland,Greenland,0,2015-02-01,2015-02-28,28,2015,,56243,33,0,TBC,monthly,2
980,Greenland,Greenland,0,2015-03-01,2015-03-31,31,2015,,56243,45,0,TBC,monthly,3
981,Greenland,Greenland,0,2015-04-01,2015-04-30,30,2015,,56243,39,0,TBC,monthly,4
982,Greenland,Greenland,0,2015-05-01,2015-05-31,31,2015,,56243,41,0,TBC,monthly,5
983,Greenland,Greenland,0,2015-06-01,2015-06-30,30,2015,,56243,41,0,TBC,monthly,6
984,Greenland,Greenland,0,2015-07-01,2015-07-31,31,2015,,56243,39,0,TBC,monthly,7
985,Greenland,Greenland,0,2015-08-01,2015-08-31,31,2015,,56243,39,0,TBC,monthly,8
986,Greenland,Greenland,0,2015-09-01,2015-09-30,30,2015,,56243,34,0,TBC,monthly,9
987,Greenland,Greenland,0,2015-10-01,2015-10-31,31,2015,,56243,29,0,TBC,monthly,10
988,Greenland,Greenland,0,2015-11-01,2015-11-30,30,2015,,56243,35,0,TBC,monthly,11
989,Greenland,Greenland,0,2015-12-01,2015-12-31,31,2015,,56243,53,0,TBC,monthly,12
990,Greenland,Greenland,0,2016-01-01,2016-01-31,31,2016,,56243,36,0,TBC,monthly,1
991,Greenland,Greenland,0,2016-02-01,2016-02-29,29,2016,,56243,44,0,TBC,monthly,2
992,Greenland,Greenland,0,2016-03-01,2016-03-31,31,2016,,56243,35,0,TBC,monthly,3
993,Greenland,Greenland,0,2016-04-01,2016-04-30,30,2016,,56243,42,0,TBC,monthly,4
994,Greenland,Greenland,0,2016-05-01,2016-05-31,31,2016,,56243,46,0,TBC,monthly,5
995,Greenland,Greenland,0,2016-06-01,2016-06-30,30,2016,,56243,36,0,TBC,monthly,6
996,Greenland,Greenland,0,2016-07-01,2016-07-31,31,2016,,56243,42,0,TBC,monthly,7
997,Greenland,Greenland,0,2016-08-01,2016-08-31,31,2016,,56243,36,0,TBC,monthly,8
998,Greenland,Greenland,0,2016-09-01,2016-09-30,30,2016,,56243,43,0,TBC,monthly,9
999,Greenland,Greenland,0,2016-10-01,2016-10-31,31,2016,,56243,37,0,TBC,monthly,10
1000,Greenland,Greenland,0,2016-11-01,2016-11-30,30,2016,,56243,34,0,TBC,monthly,11
